First Name,Last Name,Email,Password
Nathaniel ,Mclaughlin,testing@testing.com,$2b$10$0eIGD0KgyycW0rf0EV4XeuduN2fEYs7sK/Snc7L12rc5DQCmKvsWi
Nathaniel,Mclaughlin,2testing@testing.com,$2b$12$qznAq0i6.z741nAwlAGh0OuAo.8rHPD2Xg8FK5e/pEm9gMqLOX.fO
Nathaniel,Mclaughlin,3testing@testing.com,$2b$12$qiX27GHdQkRy3pi4rTDRoOJ0NvvT9zBZ0wLxNYNDotC.Y3zNFwPXK
Nathaniel,Mclaughlin,4testing@testing.com,$2b$12$0xtYxnhl4USNeC83xbZU6OqVzukTI5e0icZu7rnlgvDvsW3dKvyq6
Nathaniel,Mclaughlin,5testing@testing.com,$2b$12$njA4YxJ1AcfEwRnPXfjKs.XvcL1du3sbyoHoNNHTXksaole/0GhgO
Nathaniel,Mclaughlin,6testing@testing.com,$2b$12$W0eW85cVt0CYri4Q42jSTO/eYsolQcgdOB/5lW4ZyV3QM72SVYKLy
Nathaniel,Mclaughlin,7testing@testing.com,$2b$12$W3pfKYNfcQGHelvN9V665eme1kJBNILQRAv7wNpe4O7JgMdLui1Ba
Nathaniel,Mclaughlin,8testing@testing.com,$2b$12$WIk4Wi.5/ivsLXW72KqFFeaup2D1fMgQrSgJrftI5ykajvO0UCyF2
Nathaniel,Mclaughlin,9testing@testing.com,$2b$12$ZeAZA/1PWwm5iopENAb7ceKr5tdXMGxoWs0nX6scl4CtKwU/roOri
