Date and Time,User Query,GPT Response
2024-06-01 14:11:12,what is the first general order?,"what is the first general order?
People around the world recognize the American Soldier as
we have a sense of the American people.
previously answered that we are mentally,
to-1. The Army, values
confidence, and discipline are a team, and its
 what is the first general order?
[Theresponsibility,giftedwithararefacultyofgeneralization,butalsoofapractical
soldiercloselyacquaintedwiththemilitaryconditionsofhistime. Tosaynothingof
thefactthatthesesayings what is the first general order?
People around the world recognize the American Soldier as
we have a sense of the American people.
previously answered that we are mentally,
to-1. The Army, values
confidence, and discipline are a team, and its
"
2024-06-01 14:24:41,what is the first general order?,"what is the first general order?
People around the world recognize the American Soldier as
we have a sense of the American people.
previously answered that we are mentally,
to-1. The Army, values
confidence, and discipline are a team, and its
 what is the first general order?
[Theresponsibility,giftedwithararefacultyofgeneralization,butalsoofapractical
soldiercloselyacquaintedwiththemilitaryconditionsofhistime. Tosaynothingof
thefactthatthesesayings what is the first general order?
People around the world recognize the American Soldier as
we have a sense of the American people.
previously answered that we are mentally,
to-1. The Army, values
confidence, and discipline are a team, and its
"
2024-06-02 09:17:49,What is a soldiers first general order?,"What is a soldiers first general order?
Sexual Harassment:
or career and in a professional judgment required to the different categories of Sexual
• Entering a private dwelling or
• Medical.
• 2 days of muscle strengthening activities (like
• No part of a
• What is a soldiers first general order?
Sexual Harassment:
or career and in a professional judgment required to the different categories of Sexual
• Entering a private dwelling or
• Medical.
• 2 days of muscle strengthening activities (like
• No part of a
• What is a soldiers first general order?
Help with emergency financial needs for:
• Food, rent, or utilities
• Emergency transportation and vehicle repair
• Funeral expenses
• Medical/dental expenses
• College scholarships to children, spouses, and
surviving spouses of"
2024-06-02 19:16:24,"in the US Army, what is a soldiers first general order?","in the US Army, what is a soldiers first general order?
to adjust for a Soldier to the Army’s position.
7-21. The Army are three types of assignment, the Soldier can better digest calories more efficiently, the starting position. Leaders can use
many of support and correct running in the US Army, what is a soldiers first general order?
Note: Soldiers may request an open or closed hearing.
The Soldier is allowed to the
judicial punishment (NJP) is known or more than 1 for the next few days).
LOYALTY: Bear true faith and
impl in the US Army, what is a soldiers first general order?
Note: Soldiers may request the inside edge of the Army Ethos—within the Velcro area of the Army’s.
not popular with the Nation.
5434 (Early Access)“What would an edge in the
"
2024-06-03 18:39:38,what is the first general order?,"what is the first general order?’s concerns to create a positive relationship. A schematic demonstrating gravity’s influence on movement technique over the standard, and fire prevention. A specific nutritional interventions to treat an illness, it
preparation for character, and stress management are what is the first general order?
When reporting or rendering courtesy to an individual, turn
the head and eyes toward the person addressed and
simultaneously salute. In this situation, the actions are
executed without command. The Salute is initiated by the
subordinate what is the first general order? U.S that lead to the Commander.SGLI will
comfortably around the person addressed and rank and the specific TRADOC Pamphlet 600-4
belong to attention at their identification and wrist are straight, the elbow
"
2024-06-04 09:50:46,what are the general orders?,"what are the general orders? can be able to the transversus abdominis. A schematic demonstrating gravity’s circadian rhythm of little or flight response and other energy pathways and their respective religions, numbers of the workload is lost during the ground. A consistent
exercises what are the general orders? U.
When an officer enters a dining facility, unless he directs
otherwise or a more senior officer is already present, the
diners will be given the order ""At ease"" by the first person
who sees the officer. You what are the general orders?
Their advice and guidance are particularly important
for junior officers, who begin their careers in a position
of authority but generally lack practical experience.
Sergeants first class and above are considered Senior
NCOs.
Pay
Title Rank Rem"
2024-06-04 09:52:48,what is the first general order?,"what is the first general order?’s concerns to create a positive relationship. A schematic demonstrating gravity’s influence on movement technique over the standard, and fire prevention. A specific nutritional interventions to treat an illness, it
preparation for character, and stress management are what is the first general order?
When reporting or rendering courtesy to an individual, turn
the head and eyes toward the person addressed and
simultaneously salute. In this situation, the actions are
executed without command. The Salute is initiated by the
subordinate what is the first general order? U.S that lead to the Commander.SGLI will
comfortably around the person addressed and rank and the specific TRADOC Pamphlet 600-4
belong to attention at their identification and wrist are straight, the elbow
"
2024-06-04 09:59:41,what are the general and special orders?,"what are the general and special orders?
the standard way to perform it. The most common injuries occur in the feet, ankle, and knee joints and leg
muscles. Recruits can avoid most injuries by paying deliberate attention and concentrating on the details of
the exercise—the standard what are the general and special orders?
and host countries, but also the Uniform Code of Military
Justice (UCMJ). The UCMJ is a federal law that applies to
158TRADOC Pamphlet 600-4
all Soldiers in an active-duty status, 24 what are the general and special orders?
qualify with the disciplined initiative of the lawful
the head and place your
the prompt and
simultaneously salute.
the joint force. The Army Green Service Uniform (AGSU) may be directed
the guidelines.
not fall"
2024-06-04 10:02:26,what are the general orders?,"what are the general orders? can be able to the transversus abdominis. A schematic demonstrating gravity’s circadian rhythm of little or flight response and other energy pathways and their respective religions, numbers of the workload is lost during the ground. A consistent
exercises what are the general orders? U.
When an officer enters a dining facility, unless he directs
otherwise or a more senior officer is already present, the
diners will be given the order ""At ease"" by the first person
who sees the officer. You what are the general orders?
Their advice and guidance are particularly important
for junior officers, who begin their careers in a position
of authority but generally lack practical experience.
Sergeants first class and above are considered Senior
NCOs.
Pay
Title Rank Rem"
2024-06-04 10:06:56,hello,"hello
for Soldiers to work in conjunction with the H2F performance team’s registered dietitian. In the absence of
8 October 2020 FM 7-22, C1 13-5Chapter 13
a dietitian, the following hello
Common Tasks (STP 21-1-SMCT), Warrior Skills Level 1.
The manual covers all the WTBDs you are required to know.
48TRADOC Pamphlet 600-4
Shoot: You hello, ask yourself:
1. Do I really need it?
2. What do I expect it to do?
3. Does it work?
4. Is it safe?
5. What’s in it?
6"
2024-06-05 06:36:36,What are a soldier's general orders?,"What are a soldier's general orders?
meal and performance.
 Battalion UMT.
 Provide for wide availability of supplements to consumers.
 Enhance information available to consumers.
8-49. The passing of DSHEA gave the FDA What are a soldier's general orders?
meal and performance.
 Battalion UMT.
 Provide for wide availability of supplements to consumers.
 Enhance information available to consumers.
8-49. The passing of DSHEA gave the FDA What are a soldier's general orders?
Help with emergency financial needs for:
• Food, rent, or utilities
• Emergency transportation and vehicle repair
• Funeral expenses
• Medical/dental expenses
• College scholarships to children, spouses, and
surviving spouses of"
2024-06-05 06:39:56,general orders,"general orders.
6-19. There are 38 Drills with a total of 201 exercises in the H2F physical training domain (see table 6-2).
Modifications in weight, numbers of repetitions, distances and range of motion provide an general orders.
6-19. There are 38 Drills with a total of 201 exercises in the H2F physical training domain (see table 6-2).
Modifications in weight, numbers of repetitions, distances and range of motion provide an general orders and
commander’s intent to empower the disciplined initiative of
their troops. They carefully plan, in advance, but stay
flexible in execution. They are not afraid to take measured
risks or to act decisively when the situation"
2024-06-05 06:49:13,I will guard everything within the limits of my post ,"I will guard everything within the limits of my post .................................................................................... 14-10. Features of the primary goal of the strength that support the starting point at the body fat guidelines for at the amount of the body being exercised, the longest sides of the one repetition maximum
the Soldier should be realized in I will guard everything within the limits of my post .................................................................................... 14-10. Features of the primary goal of the strength that support the starting point at the body fat guidelines for at the amount of the body being exercised, the longest sides of the one repetition maximum
the Soldier should be realized in I will guard everything within the limits of my post ............................................34
3-1. Suicide prevention .......................................................35
3-5. Warrior Ethos ...............................................................37
3-6. The BCT/OSUT/AIT “Golden Rules”........................"
2024-06-05 06:49:28,and quit my post only when properly relieved,"and quit my post only when properly relieved’s goals and steeper terrain such as a
on healing from the beneficial effects of exercise on the standard to support
calories, the power. It also use this publication.
 Pain control: Many people pray as a and quit my post only when properly relieved’s goals and steeper terrain such as a
on healing from the beneficial effects of exercise on the standard to support
calories, the power. It also use this publication.
 Pain control: Many people pray as a and quit my post only when properly relieved
Code (USC), Sections 801-940.
UCMJ Article 15 authorizes commanders to impose non-
judicial punishment (NJP) for minor offenses when non-
punitive administrative corrective measures are inadequate
due to the nature"
2024-06-05 06:57:16,what are the general orders?,"what are the general orders? can be able to the transversus abdominis. A schematic demonstrating gravity’s circadian rhythm of little or flight response and other energy pathways and their respective religions, numbers of the workload is lost during the ground. A consistent
exercises what are the general orders? can be able to the transversus abdominis. A schematic demonstrating gravity’s circadian rhythm of little or flight response and other energy pathways and their respective religions, numbers of the workload is lost during the ground. A consistent
exercises what are the general orders? can be able to the transversus abdominis. A schematic demonstrating gravity’s circadian rhythm of little or flight response and other energy pathways and their respective religions, numbers of the workload is lost during the ground. A consistent
exercises"
