location, category (type/method/field), original, annotated
'file:/opt/graalvm-jdk-20.0.2+9.1/Contents/Home/lib/svm/builder/svm-enterprise.jar',method,java.util.ArrayList#<init>,com.oracle.svm.enterprise.core.jdk.Target_java_util_ArrayList#<init>
'file:/opt/graalvm-jdk-20.0.2+9.1/Contents/Home/lib/svm/builder/svm.jar',type,java.lang.Class,com.oracle.svm.core.hub.DynamicHub
'file:/opt/graalvm-jdk-20.0.2+9.1/Contents/Home/lib/svm/builder/svm.jar',type,java.lang.ClassValue,com.oracle.svm.core.jdk.Target_java_lang_ClassValue
'file:/opt/graalvm-jdk-20.0.2+9.1/Contents/Home/lib/svm/builder/svm.jar',type,java.lang.constant.Constable,com.oracle.svm.core.hub.Target_java_lang_constant_Constable
'file:/opt/graalvm-jdk-20.0.2+9.1/Contents/Home/lib/svm/builder/svm.jar',type,java.lang.invoke.TypeDescriptor,com.oracle.svm.core.hub.Target_java_lang_invoke_TypeDescriptor
'file:/opt/graalvm-jdk-20.0.2+9.1/Contents/Home/lib/svm/builder/svm.jar',type,java.lang.invoke.TypeDescriptor$OfField,com.oracle.svm.core.hub.Target_java_lang_invoke_TypeDescriptor_OfField
'file:/opt/graalvm-jdk-20.0.2+9.1/Contents/Home/lib/svm/builder/svm.jar',type,java.lang.ref.Reference,com.oracle.svm.core.heap.Target_java_lang_ref_Reference
'file:/opt/graalvm-jdk-20.0.2+9.1/Contents/Home/lib/svm/builder/svm.jar',type,jdk.internal.util.StaticProperty,com.oracle.svm.core.jdk.Target_jdk_internal_util_StaticProperty
'file:/opt/graalvm-jdk-20.0.2+9.1/Contents/Home/lib/svm/builder/svm.jar',method,com.oracle.svm.core.util.VMError#shouldNotReachHere,com.oracle.svm.core.jdk.Target_com_oracle_svm_core_util_VMError#shouldNotReachHere
'file:/opt/graalvm-jdk-20.0.2+9.1/Contents/Home/lib/svm/builder/svm.jar',method,com.oracle.svm.core.util.VMError#unimplemented,com.oracle.svm.core.jdk.Target_com_oracle_svm_core_util_VMError#unimplemented
'file:/opt/graalvm-jdk-20.0.2+9.1/Contents/Home/lib/svm/builder/svm.jar',method,com.oracle.svm.core.util.VMError#unsupportedFeature,com.oracle.svm.core.jdk.Target_com_oracle_svm_core_util_VMError#unsupportedFeature
'file:/opt/graalvm-jdk-20.0.2+9.1/Contents/Home/lib/svm/builder/svm.jar',method,com.sun.management.internal.OperatingSystemImpl#<init>,com.oracle.svm.core.jdk.management.Target_com_sun_management_internal_OperatingSystemImpl#<init>
'file:/opt/graalvm-jdk-20.0.2+9.1/Contents/Home/lib/svm/builder/svm.jar',method,java.io.ObjectStreamClass#hasStaticInitializer,com.oracle.svm.core.jdk.Target_java_io_ObjectStreamClass#hasStaticInitializer
'file:/opt/graalvm-jdk-20.0.2+9.1/Contents/Home/lib/svm/builder/svm.jar',method,java.lang.Class#arrayType,com.oracle.svm.core.hub.DynamicHub#arrayType
'file:/opt/graalvm-jdk-20.0.2+9.1/Contents/Home/lib/svm/builder/svm.jar',method,java.lang.Class#cast,com.oracle.svm.core.hub.DynamicHub#cast
'file:/opt/graalvm-jdk-20.0.2+9.1/Contents/Home/lib/svm/builder/svm.jar',method,java.lang.Class#checkMemberAccess,com.oracle.svm.core.hub.DynamicHub#checkMemberAccess
'file:/opt/graalvm-jdk-20.0.2+9.1/Contents/Home/lib/svm/builder/svm.jar',method,java.lang.Class#checkPackageAccess,com.oracle.svm.core.hub.DynamicHub#checkPackageAccess
'file:/opt/graalvm-jdk-20.0.2+9.1/Contents/Home/lib/svm/builder/svm.jar',method,java.lang.Class#componentType,com.oracle.svm.core.hub.DynamicHub#componentType
'file:/opt/graalvm-jdk-20.0.2+9.1/Contents/Home/lib/svm/builder/svm.jar',method,java.lang.Class#copyConstructors,com.oracle.svm.core.hub.DynamicHub#copyConstructors
'file:/opt/graalvm-jdk-20.0.2+9.1/Contents/Home/lib/svm/builder/svm.jar',method,java.lang.Class#copyFields,com.oracle.svm.core.hub.DynamicHub#copyFields
'file:/opt/graalvm-jdk-20.0.2+9.1/Contents/Home/lib/svm/builder/svm.jar',method,java.lang.Class#copyMethods,com.oracle.svm.core.hub.DynamicHub#copyMethods
'file:/opt/graalvm-jdk-20.0.2+9.1/Contents/Home/lib/svm/builder/svm.jar',method,java.lang.Class#desiredAssertionStatus,com.oracle.svm.core.hub.DynamicHub#desiredAssertionStatus
'file:/opt/graalvm-jdk-20.0.2+9.1/Contents/Home/lib/svm/builder/svm.jar',method,java.lang.Class#forName,com.oracle.svm.core.hub.DynamicHub#forName
'file:/opt/graalvm-jdk-20.0.2+9.1/Contents/Home/lib/svm/builder/svm.jar',method,java.lang.Class#getAnnotationsByType,com.oracle.svm.core.hub.DynamicHub#getAnnotationsByType
'file:/opt/graalvm-jdk-20.0.2+9.1/Contents/Home/lib/svm/builder/svm.jar',method,java.lang.Class#getClassLoader,com.oracle.svm.core.hub.DynamicHub#getClassLoader
'file:/opt/graalvm-jdk-20.0.2+9.1/Contents/Home/lib/svm/builder/svm.jar',method,java.lang.Class#getClasses,com.oracle.svm.core.hub.DynamicHub#getClasses
'file:/opt/graalvm-jdk-20.0.2+9.1/Contents/Home/lib/svm/builder/svm.jar',method,java.lang.Class#getComponentType,com.oracle.svm.core.hub.DynamicHub#getComponentType
'file:/opt/graalvm-jdk-20.0.2+9.1/Contents/Home/lib/svm/builder/svm.jar',method,java.lang.Class#getConstantPool,com.oracle.svm.core.hub.DynamicHub#getConstantPool
'file:/opt/graalvm-jdk-20.0.2+9.1/Contents/Home/lib/svm/builder/svm.jar',method,java.lang.Class#getConstructor0,com.oracle.svm.core.hub.DynamicHub#getConstructor0
'file:/opt/graalvm-jdk-20.0.2+9.1/Contents/Home/lib/svm/builder/svm.jar',method,java.lang.Class#getConstructors,com.oracle.svm.core.hub.DynamicHub#getConstructors
'file:/opt/graalvm-jdk-20.0.2+9.1/Contents/Home/lib/svm/builder/svm.jar',method,java.lang.Class#getDeclaredClasses,com.oracle.svm.core.hub.DynamicHub#getDeclaredClasses
'file:/opt/graalvm-jdk-20.0.2+9.1/Contents/Home/lib/svm/builder/svm.jar',method,java.lang.Class#getDeclaredClasses0,com.oracle.svm.core.hub.DynamicHub#getDeclaredClasses0
'file:/opt/graalvm-jdk-20.0.2+9.1/Contents/Home/lib/svm/builder/svm.jar',method,java.lang.Class#getDeclaredConstructors,com.oracle.svm.core.hub.DynamicHub#getDeclaredConstructors
'file:/opt/graalvm-jdk-20.0.2+9.1/Contents/Home/lib/svm/builder/svm.jar',method,java.lang.Class#getDeclaredConstructors0,com.oracle.svm.core.hub.DynamicHub#getDeclaredConstructors0
'file:/opt/graalvm-jdk-20.0.2+9.1/Contents/Home/lib/svm/builder/svm.jar',method,java.lang.Class#getDeclaredField,com.oracle.svm.core.hub.DynamicHub#getDeclaredField
'file:/opt/graalvm-jdk-20.0.2+9.1/Contents/Home/lib/svm/builder/svm.jar',method,java.lang.Class#getDeclaredFields,com.oracle.svm.core.hub.DynamicHub#getDeclaredFields
'file:/opt/graalvm-jdk-20.0.2+9.1/Contents/Home/lib/svm/builder/svm.jar',method,java.lang.Class#getDeclaredFields0,com.oracle.svm.core.hub.DynamicHub#getDeclaredFields0
'file:/opt/graalvm-jdk-20.0.2+9.1/Contents/Home/lib/svm/builder/svm.jar',method,java.lang.Class#getDeclaredMethod,com.oracle.svm.core.hub.DynamicHub#getDeclaredMethod
'file:/opt/graalvm-jdk-20.0.2+9.1/Contents/Home/lib/svm/builder/svm.jar',method,java.lang.Class#getDeclaredMethods,com.oracle.svm.core.hub.DynamicHub#getDeclaredMethods
'file:/opt/graalvm-jdk-20.0.2+9.1/Contents/Home/lib/svm/builder/svm.jar',method,java.lang.Class#getDeclaredMethods0,com.oracle.svm.core.hub.DynamicHub#getDeclaredMethods0
'file:/opt/graalvm-jdk-20.0.2+9.1/Contents/Home/lib/svm/builder/svm.jar',method,java.lang.Class#getDeclaredPublicMethods,com.oracle.svm.core.hub.DynamicHub#getDeclaredPublicMethods
'file:/opt/graalvm-jdk-20.0.2+9.1/Contents/Home/lib/svm/builder/svm.jar',method,java.lang.Class#getDeclaringClass0,com.oracle.svm.core.hub.DynamicHub#getDeclaringClass0
'file:/opt/graalvm-jdk-20.0.2+9.1/Contents/Home/lib/svm/builder/svm.jar',method,java.lang.Class#getEnclosingMethod0,com.oracle.svm.core.hub.DynamicHub#getEnclosingMethod0
'file:/opt/graalvm-jdk-20.0.2+9.1/Contents/Home/lib/svm/builder/svm.jar',method,java.lang.Class#getEnumConstantsShared,com.oracle.svm.core.hub.DynamicHub#getEnumConstantsShared
'file:/opt/graalvm-jdk-20.0.2+9.1/Contents/Home/lib/svm/builder/svm.jar',method,java.lang.Class#getField,com.oracle.svm.core.hub.DynamicHub#getField
'file:/opt/graalvm-jdk-20.0.2+9.1/Contents/Home/lib/svm/builder/svm.jar',method,java.lang.Class#getFields,com.oracle.svm.core.hub.DynamicHub#getFields
'file:/opt/graalvm-jdk-20.0.2+9.1/Contents/Home/lib/svm/builder/svm.jar',method,java.lang.Class#getGenericInfo,com.oracle.svm.core.hub.DynamicHub#getGenericInfo
'file:/opt/graalvm-jdk-20.0.2+9.1/Contents/Home/lib/svm/builder/svm.jar',method,java.lang.Class#getGenericSignature0,com.oracle.svm.core.hub.DynamicHub#getGenericSignature0
'file:/opt/graalvm-jdk-20.0.2+9.1/Contents/Home/lib/svm/builder/svm.jar',method,java.lang.Class#getInterfaces0,com.oracle.svm.core.hub.DynamicHub#getInterfaces0
'file:/opt/graalvm-jdk-20.0.2+9.1/Contents/Home/lib/svm/builder/svm.jar',method,java.lang.Class#getMethod,com.oracle.svm.core.hub.DynamicHub#getMethod
'file:/opt/graalvm-jdk-20.0.2+9.1/Contents/Home/lib/svm/builder/svm.jar',method,java.lang.Class#getMethods,com.oracle.svm.core.hub.DynamicHub#getMethods
'file:/opt/graalvm-jdk-20.0.2+9.1/Contents/Home/lib/svm/builder/svm.jar',method,java.lang.Class#getModifiers,com.oracle.svm.core.hub.DynamicHub#getModifiers
'file:/opt/graalvm-jdk-20.0.2+9.1/Contents/Home/lib/svm/builder/svm.jar',method,java.lang.Class#getModule,com.oracle.svm.core.hub.DynamicHub#getModule
'file:/opt/graalvm-jdk-20.0.2+9.1/Contents/Home/lib/svm/builder/svm.jar',method,java.lang.Class#getName,com.oracle.svm.core.hub.DynamicHub#getName
'file:/opt/graalvm-jdk-20.0.2+9.1/Contents/Home/lib/svm/builder/svm.jar',method,java.lang.Class#getNestHost,com.oracle.svm.core.hub.DynamicHub#getNestHost
'file:/opt/graalvm-jdk-20.0.2+9.1/Contents/Home/lib/svm/builder/svm.jar',method,java.lang.Class#getNestMembers0,com.oracle.svm.core.hub.DynamicHub#getNestMembers0
'file:/opt/graalvm-jdk-20.0.2+9.1/Contents/Home/lib/svm/builder/svm.jar',method,java.lang.Class#getPackageName,com.oracle.svm.core.hub.DynamicHub#getPackageName
'file:/opt/graalvm-jdk-20.0.2+9.1/Contents/Home/lib/svm/builder/svm.jar',method,java.lang.Class#getPermittedSubclasses0,com.oracle.svm.core.hub.DynamicHub#getPermittedSubclasses0
'file:/opt/graalvm-jdk-20.0.2+9.1/Contents/Home/lib/svm/builder/svm.jar',method,java.lang.Class#getProtectionDomain,com.oracle.svm.core.hub.DynamicHub#getProtectionDomain
'file:/opt/graalvm-jdk-20.0.2+9.1/Contents/Home/lib/svm/builder/svm.jar',method,java.lang.Class#getRawAnnotations,com.oracle.svm.core.hub.DynamicHub#getRawAnnotations
'file:/opt/graalvm-jdk-20.0.2+9.1/Contents/Home/lib/svm/builder/svm.jar',method,java.lang.Class#getRawTypeAnnotations,com.oracle.svm.core.hub.DynamicHub#getRawTypeAnnotations
'file:/opt/graalvm-jdk-20.0.2+9.1/Contents/Home/lib/svm/builder/svm.jar',method,java.lang.Class#getRecordComponents0,com.oracle.svm.core.hub.DynamicHub#getRecordComponents0
'file:/opt/graalvm-jdk-20.0.2+9.1/Contents/Home/lib/svm/builder/svm.jar',method,java.lang.Class#getReflectionFactory,com.oracle.svm.core.hub.DynamicHub#getReflectionFactory
'file:/opt/graalvm-jdk-20.0.2+9.1/Contents/Home/lib/svm/builder/svm.jar',method,java.lang.Class#getResourceAsStream,com.oracle.svm.core.hub.DynamicHub#getResourceAsStream
'file:/opt/graalvm-jdk-20.0.2+9.1/Contents/Home/lib/svm/builder/svm.jar',method,java.lang.Class#getSigners,com.oracle.svm.core.hub.DynamicHub#getSigners
'file:/opt/graalvm-jdk-20.0.2+9.1/Contents/Home/lib/svm/builder/svm.jar',method,java.lang.Class#getSimpleBinaryName0,com.oracle.svm.core.hub.DynamicHub#getSimpleBinaryName0
'file:/opt/graalvm-jdk-20.0.2+9.1/Contents/Home/lib/svm/builder/svm.jar',method,java.lang.Class#getSuperclass,com.oracle.svm.core.hub.DynamicHub#getSuperclass
'file:/opt/graalvm-jdk-20.0.2+9.1/Contents/Home/lib/svm/builder/svm.jar',method,java.lang.Class#isAnnotation,com.oracle.svm.core.hub.DynamicHub#isAnnotation
'file:/opt/graalvm-jdk-20.0.2+9.1/Contents/Home/lib/svm/builder/svm.jar',method,java.lang.Class#isAnnotationPresent,com.oracle.svm.core.hub.DynamicHub#isAnnotationPresent
'file:/opt/graalvm-jdk-20.0.2+9.1/Contents/Home/lib/svm/builder/svm.jar',method,java.lang.Class#isArray,com.oracle.svm.core.hub.DynamicHub#isArray
'file:/opt/graalvm-jdk-20.0.2+9.1/Contents/Home/lib/svm/builder/svm.jar',method,java.lang.Class#isAssignableFrom,com.oracle.svm.core.hub.DynamicHub#isAssignableFrom
'file:/opt/graalvm-jdk-20.0.2+9.1/Contents/Home/lib/svm/builder/svm.jar',method,java.lang.Class#isEnum,com.oracle.svm.core.hub.DynamicHub#isEnum
'file:/opt/graalvm-jdk-20.0.2+9.1/Contents/Home/lib/svm/builder/svm.jar',method,java.lang.Class#isHidden,com.oracle.svm.core.hub.DynamicHub#isHidden
'file:/opt/graalvm-jdk-20.0.2+9.1/Contents/Home/lib/svm/builder/svm.jar',method,java.lang.Class#isInstance,com.oracle.svm.core.hub.DynamicHub#isInstance
'file:/opt/graalvm-jdk-20.0.2+9.1/Contents/Home/lib/svm/builder/svm.jar',method,java.lang.Class#isInterface,com.oracle.svm.core.hub.DynamicHub#isInterface
'file:/opt/graalvm-jdk-20.0.2+9.1/Contents/Home/lib/svm/builder/svm.jar',method,java.lang.Class#isNestmateOf,com.oracle.svm.core.hub.DynamicHub#isNestmateOf
'file:/opt/graalvm-jdk-20.0.2+9.1/Contents/Home/lib/svm/builder/svm.jar',method,java.lang.Class#isPrimitive,com.oracle.svm.core.hub.DynamicHub#isPrimitive
'file:/opt/graalvm-jdk-20.0.2+9.1/Contents/Home/lib/svm/builder/svm.jar',method,java.lang.Class#isRecord,com.oracle.svm.core.hub.DynamicHub#isRecord
'file:/opt/graalvm-jdk-20.0.2+9.1/Contents/Home/lib/svm/builder/svm.jar',method,java.lang.Class#isSealed,com.oracle.svm.core.hub.DynamicHub#isSealed
'file:/opt/graalvm-jdk-20.0.2+9.1/Contents/Home/lib/svm/builder/svm.jar',method,java.lang.Class#methodToString,com.oracle.svm.core.hub.DynamicHub#methodToString
'file:/opt/graalvm-jdk-20.0.2+9.1/Contents/Home/lib/svm/builder/svm.jar',method,java.lang.Class#protectionDomain,com.oracle.svm.core.hub.DynamicHub#protectionDomain
'file:/opt/graalvm-jdk-20.0.2+9.1/Contents/Home/lib/svm/builder/svm.jar',method,java.lang.Class#setSigners,com.oracle.svm.core.hub.DynamicHub#setSigners
'file:/opt/graalvm-jdk-20.0.2+9.1/Contents/Home/lib/svm/builder/svm.jar',method,java.lang.Class#toString,com.oracle.svm.core.hub.DynamicHub#toString
'file:/opt/graalvm-jdk-20.0.2+9.1/Contents/Home/lib/svm/builder/svm.jar',method,java.lang.Class$Atomic#casAnnotationData,com.oracle.svm.core.hub.Target_java_lang_Class_Atomic#casAnnotationData
'file:/opt/graalvm-jdk-20.0.2+9.1/Contents/Home/lib/svm/builder/svm.jar',method,java.lang.Class$Atomic#casAnnotationType,com.oracle.svm.core.hub.Target_java_lang_Class_Atomic#casAnnotationType
'file:/opt/graalvm-jdk-20.0.2+9.1/Contents/Home/lib/svm/builder/svm.jar',method,java.lang.Class$Atomic#casReflectionData,com.oracle.svm.core.hub.Target_java_lang_Class_Atomic#casReflectionData
'file:/opt/graalvm-jdk-20.0.2+9.1/Contents/Home/lib/svm/builder/svm.jar',method,java.lang.ClassLoader#createOrGetClassLoaderValueMap,com.oracle.svm.core.jdk.Target_java_lang_ClassLoader#createOrGetClassLoaderValueMap
'file:/opt/graalvm-jdk-20.0.2+9.1/Contents/Home/lib/svm/builder/svm.jar',method,java.lang.ClassLoader#defineClass,com.oracle.svm.core.jdk.Target_java_lang_ClassLoader#defineClass
'file:/opt/graalvm-jdk-20.0.2+9.1/Contents/Home/lib/svm/builder/svm.jar',method,java.lang.ClassLoader#findLoadedClass0,com.oracle.svm.core.jdk.Target_java_lang_ClassLoader#findLoadedClass0
'file:/opt/graalvm-jdk-20.0.2+9.1/Contents/Home/lib/svm/builder/svm.jar',method,java.lang.ClassLoader#getResource,com.oracle.svm.core.jdk.Target_java_lang_ClassLoader#getResource
'file:/opt/graalvm-jdk-20.0.2+9.1/Contents/Home/lib/svm/builder/svm.jar',method,java.lang.ClassLoader#getResourceAsStream,com.oracle.svm.core.jdk.Target_java_lang_ClassLoader#getResourceAsStream
'file:/opt/graalvm-jdk-20.0.2+9.1/Contents/Home/lib/svm/builder/svm.jar',method,java.lang.ClassLoader#getResources,com.oracle.svm.core.jdk.Target_java_lang_ClassLoader#getResources
'file:/opt/graalvm-jdk-20.0.2+9.1/Contents/Home/lib/svm/builder/svm.jar',method,java.lang.ClassLoader#getSystemClassLoader,com.oracle.svm.core.jdk.Target_java_lang_ClassLoader#getSystemClassLoader
'file:/opt/graalvm-jdk-20.0.2+9.1/Contents/Home/lib/svm/builder/svm.jar',method,java.lang.ClassLoader#getUnnamedModule,com.oracle.svm.core.jdk.Target_java_lang_ClassLoader#getUnnamedModule
'file:/opt/graalvm-jdk-20.0.2+9.1/Contents/Home/lib/svm/builder/svm.jar',method,java.lang.ClassLoader#loadClass,com.oracle.svm.core.jdk.Target_java_lang_ClassLoader#loadClass
'file:/opt/graalvm-jdk-20.0.2+9.1/Contents/Home/lib/svm/builder/svm.jar',method,java.lang.ClassLoader#loadLibrary,com.oracle.svm.core.jdk17.Target_java_lang_ClassLoader_JDK17OrLater#loadLibrary
'file:/opt/graalvm-jdk-20.0.2+9.1/Contents/Home/lib/svm/builder/svm.jar',method,java.lang.ClassLoader#resolveClass,com.oracle.svm.core.jdk.Target_java_lang_ClassLoader#resolveClass
'file:/opt/graalvm-jdk-20.0.2+9.1/Contents/Home/lib/svm/builder/svm.jar',method,java.lang.ClassValue#get,com.oracle.svm.core.jdk.Target_java_lang_ClassValue#get
'file:/opt/graalvm-jdk-20.0.2+9.1/Contents/Home/lib/svm/builder/svm.jar',method,java.lang.ClassValue#remove,com.oracle.svm.core.jdk.Target_java_lang_ClassValue#remove
'file:/opt/graalvm-jdk-20.0.2+9.1/Contents/Home/lib/svm/builder/svm.jar',method,java.lang.Enum#valueOf,com.oracle.svm.core.jdk.Target_java_lang_Enum#valueOf
'file:/opt/graalvm-jdk-20.0.2+9.1/Contents/Home/lib/svm/builder/svm.jar',method,java.lang.Module#addExports0,com.oracle.svm.core.jdk.Target_java_lang_Module#addExports0
'file:/opt/graalvm-jdk-20.0.2+9.1/Contents/Home/lib/svm/builder/svm.jar',method,java.lang.Module#addExportsToAll0,com.oracle.svm.core.jdk.Target_java_lang_Module#addExportsToAll0
'file:/opt/graalvm-jdk-20.0.2+9.1/Contents/Home/lib/svm/builder/svm.jar',method,java.lang.Module#addExportsToAllUnnamed0,com.oracle.svm.core.jdk.Target_java_lang_Module#addExportsToAllUnnamed0
'file:/opt/graalvm-jdk-20.0.2+9.1/Contents/Home/lib/svm/builder/svm.jar',method,java.lang.Module#addReads0,com.oracle.svm.core.jdk.Target_java_lang_Module#addReads0
'file:/opt/graalvm-jdk-20.0.2+9.1/Contents/Home/lib/svm/builder/svm.jar',method,java.lang.Module#defineModule0,com.oracle.svm.core.jdk17.Target_java_lang_Module_JDK17OrLater#defineModule0
'file:/opt/graalvm-jdk-20.0.2+9.1/Contents/Home/lib/svm/builder/svm.jar',method,java.lang.Module#getResourceAsStream,com.oracle.svm.core.jdk.Target_java_lang_Module#getResourceAsStream
'file:/opt/graalvm-jdk-20.0.2+9.1/Contents/Home/lib/svm/builder/svm.jar',method,java.lang.ModuleLayer#boot,com.oracle.svm.core.jdk.Target_java_lang_ModuleLayer#boot
'file:/opt/graalvm-jdk-20.0.2+9.1/Contents/Home/lib/svm/builder/svm.jar',method,java.lang.NullPointerException#getExtendedNPEMessage,com.oracle.svm.core.jdk.Target_java_lang_NullPointerException#getExtendedNPEMessage
'file:/opt/graalvm-jdk-20.0.2+9.1/Contents/Home/lib/svm/builder/svm.jar',method,java.lang.Object#getClass,com.oracle.svm.core.jdk.Target_java_lang_Object#getClassSubst
'file:/opt/graalvm-jdk-20.0.2+9.1/Contents/Home/lib/svm/builder/svm.jar',method,java.lang.Object#hashCode,com.oracle.svm.core.jdk.Target_java_lang_Object#hashCodeSubst
'file:/opt/graalvm-jdk-20.0.2+9.1/Contents/Home/lib/svm/builder/svm.jar',method,java.lang.Object#notify,com.oracle.svm.core.jdk.Target_java_lang_Object#notifySubst
'file:/opt/graalvm-jdk-20.0.2+9.1/Contents/Home/lib/svm/builder/svm.jar',method,java.lang.Object#notifyAll,com.oracle.svm.core.jdk.Target_java_lang_Object#notifyAllSubst
'file:/opt/graalvm-jdk-20.0.2+9.1/Contents/Home/lib/svm/builder/svm.jar',method,java.lang.Object#wait,com.oracle.svm.core.jdk.Target_java_lang_Object#waitSubst
'file:/opt/graalvm-jdk-20.0.2+9.1/Contents/Home/lib/svm/builder/svm.jar',method,java.lang.Runtime#availableProcessors,com.oracle.svm.core.jdk.Target_java_lang_Runtime#availableProcessors
'file:/opt/graalvm-jdk-20.0.2+9.1/Contents/Home/lib/svm/builder/svm.jar',method,java.lang.Runtime#freeMemory,com.oracle.svm.core.genscavenge.Target_java_lang_Runtime#freeMemory
'file:/opt/graalvm-jdk-20.0.2+9.1/Contents/Home/lib/svm/builder/svm.jar',method,java.lang.Runtime#gc,com.oracle.svm.core.genscavenge.Target_java_lang_Runtime#gc
'file:/opt/graalvm-jdk-20.0.2+9.1/Contents/Home/lib/svm/builder/svm.jar',method,java.lang.Runtime#maxMemory,com.oracle.svm.core.genscavenge.Target_java_lang_Runtime#maxMemory
'file:/opt/graalvm-jdk-20.0.2+9.1/Contents/Home/lib/svm/builder/svm.jar',method,java.lang.Runtime#runFinalization,com.oracle.svm.core.jdk.Target_java_lang_Runtime#runFinalization
'file:/opt/graalvm-jdk-20.0.2+9.1/Contents/Home/lib/svm/builder/svm.jar',method,java.lang.Runtime#totalMemory,com.oracle.svm.core.genscavenge.Target_java_lang_Runtime#totalMemory
'file:/opt/graalvm-jdk-20.0.2+9.1/Contents/Home/lib/svm/builder/svm.jar',method,java.lang.SecurityManager#getClassContext,com.oracle.svm.core.jdk.Target_java_lang_SecurityManager#getClassContext
'file:/opt/graalvm-jdk-20.0.2+9.1/Contents/Home/lib/svm/builder/svm.jar',method,java.lang.Shutdown#beforeHalt,com.oracle.svm.core.jdk.Target_java_lang_Shutdown#beforeHalt
'file:/opt/graalvm-jdk-20.0.2+9.1/Contents/Home/lib/svm/builder/svm.jar',method,java.lang.StackWalker#forEach,com.oracle.svm.core.jdk.Target_java_lang_StackWalker#forEach
'file:/opt/graalvm-jdk-20.0.2+9.1/Contents/Home/lib/svm/builder/svm.jar',method,java.lang.StackWalker#getCallerClass,com.oracle.svm.core.jdk.Target_java_lang_StackWalker#getCallerClass
'file:/opt/graalvm-jdk-20.0.2+9.1/Contents/Home/lib/svm/builder/svm.jar',method,java.lang.StackWalker#walk,com.oracle.svm.core.jdk.Target_java_lang_StackWalker#walk
'file:/opt/graalvm-jdk-20.0.2+9.1/Contents/Home/lib/svm/builder/svm.jar',method,java.lang.StrictMath#IEEEremainder,com.oracle.svm.core.jdk.Target_java_lang_StrictMath#IEEEremainder
'file:/opt/graalvm-jdk-20.0.2+9.1/Contents/Home/lib/svm/builder/svm.jar',method,java.lang.StrictMath#acos,com.oracle.svm.core.jdk.Target_java_lang_StrictMath#acos
'file:/opt/graalvm-jdk-20.0.2+9.1/Contents/Home/lib/svm/builder/svm.jar',method,java.lang.StrictMath#asin,com.oracle.svm.core.jdk.Target_java_lang_StrictMath#asin
'file:/opt/graalvm-jdk-20.0.2+9.1/Contents/Home/lib/svm/builder/svm.jar',method,java.lang.StrictMath#atan,com.oracle.svm.core.jdk.Target_java_lang_StrictMath#atan
'file:/opt/graalvm-jdk-20.0.2+9.1/Contents/Home/lib/svm/builder/svm.jar',method,java.lang.StrictMath#atan2,com.oracle.svm.core.jdk.Target_java_lang_StrictMath#atan2
'file:/opt/graalvm-jdk-20.0.2+9.1/Contents/Home/lib/svm/builder/svm.jar',method,java.lang.StrictMath#cos,com.oracle.svm.core.jdk.Target_java_lang_StrictMath#cos
'file:/opt/graalvm-jdk-20.0.2+9.1/Contents/Home/lib/svm/builder/svm.jar',method,java.lang.StrictMath#cosh,com.oracle.svm.core.jdk.Target_java_lang_StrictMath#cosh
'file:/opt/graalvm-jdk-20.0.2+9.1/Contents/Home/lib/svm/builder/svm.jar',method,java.lang.StrictMath#expm1,com.oracle.svm.core.jdk.Target_java_lang_StrictMath#expm1
'file:/opt/graalvm-jdk-20.0.2+9.1/Contents/Home/lib/svm/builder/svm.jar',method,java.lang.StrictMath#log,com.oracle.svm.core.jdk.Target_java_lang_StrictMath#log
'file:/opt/graalvm-jdk-20.0.2+9.1/Contents/Home/lib/svm/builder/svm.jar',method,java.lang.StrictMath#log10,com.oracle.svm.core.jdk.Target_java_lang_StrictMath#log10
'file:/opt/graalvm-jdk-20.0.2+9.1/Contents/Home/lib/svm/builder/svm.jar',method,java.lang.StrictMath#log1p,com.oracle.svm.core.jdk.Target_java_lang_StrictMath#log1p
'file:/opt/graalvm-jdk-20.0.2+9.1/Contents/Home/lib/svm/builder/svm.jar',method,java.lang.StrictMath#sin,com.oracle.svm.core.jdk.Target_java_lang_StrictMath#sin
'file:/opt/graalvm-jdk-20.0.2+9.1/Contents/Home/lib/svm/builder/svm.jar',method,java.lang.StrictMath#sinh,com.oracle.svm.core.jdk.Target_java_lang_StrictMath#sinh
'file:/opt/graalvm-jdk-20.0.2+9.1/Contents/Home/lib/svm/builder/svm.jar',method,java.lang.StrictMath#sqrt,com.oracle.svm.core.jdk.Target_java_lang_StrictMath#sqrt
'file:/opt/graalvm-jdk-20.0.2+9.1/Contents/Home/lib/svm/builder/svm.jar',method,java.lang.StrictMath#tan,com.oracle.svm.core.jdk.Target_java_lang_StrictMath#tan
'file:/opt/graalvm-jdk-20.0.2+9.1/Contents/Home/lib/svm/builder/svm.jar',method,java.lang.StrictMath#tanh,com.oracle.svm.core.jdk.Target_java_lang_StrictMath#tanh
'file:/opt/graalvm-jdk-20.0.2+9.1/Contents/Home/lib/svm/builder/svm.jar',method,java.lang.String#intern,com.oracle.svm.core.jdk.Target_java_lang_String#intern
'file:/opt/graalvm-jdk-20.0.2+9.1/Contents/Home/lib/svm/builder/svm.jar',method,java.lang.String#split,com.oracle.svm.core.jdk.Target_java_lang_String#split
'file:/opt/graalvm-jdk-20.0.2+9.1/Contents/Home/lib/svm/builder/svm.jar',method,java.lang.System#clearProperty,com.oracle.svm.core.jdk.Target_java_lang_System#clearProperty
'file:/opt/graalvm-jdk-20.0.2+9.1/Contents/Home/lib/svm/builder/svm.jar',method,java.lang.System#currentTimeMillis,com.oracle.svm.core.posix.Target_java_lang_System_Posix#currentTimeMillis
'file:/opt/graalvm-jdk-20.0.2+9.1/Contents/Home/lib/svm/builder/svm.jar',method,java.lang.System#getProperties,com.oracle.svm.core.jdk.Target_java_lang_System#getProperties
'file:/opt/graalvm-jdk-20.0.2+9.1/Contents/Home/lib/svm/builder/svm.jar',method,java.lang.System#getProperty,com.oracle.svm.core.jdk.Target_java_lang_System#getProperty
'file:/opt/graalvm-jdk-20.0.2+9.1/Contents/Home/lib/svm/builder/svm.jar',method,java.lang.System#identityHashCode,com.oracle.svm.core.jdk.Target_java_lang_System#identityHashCode
'file:/opt/graalvm-jdk-20.0.2+9.1/Contents/Home/lib/svm/builder/svm.jar',method,java.lang.System#mapLibraryName,com.oracle.svm.core.posix.darwin.Target_java_lang_System_Darwin#mapLibraryName
'file:/opt/graalvm-jdk-20.0.2+9.1/Contents/Home/lib/svm/builder/svm.jar',method,java.lang.System#nanoTime,com.oracle.svm.core.posix.darwin.Target_java_lang_System_Darwin#nanoTime
'file:/opt/graalvm-jdk-20.0.2+9.1/Contents/Home/lib/svm/builder/svm.jar',method,java.lang.System#setErr,com.oracle.svm.core.jdk.Target_java_lang_System#setErr
'file:/opt/graalvm-jdk-20.0.2+9.1/Contents/Home/lib/svm/builder/svm.jar',method,java.lang.System#setIn,com.oracle.svm.core.jdk.Target_java_lang_System#setIn
'file:/opt/graalvm-jdk-20.0.2+9.1/Contents/Home/lib/svm/builder/svm.jar',method,java.lang.System#setOut,com.oracle.svm.core.jdk.Target_java_lang_System#setOut
'file:/opt/graalvm-jdk-20.0.2+9.1/Contents/Home/lib/svm/builder/svm.jar',method,java.lang.System#setProperties,com.oracle.svm.core.jdk.Target_java_lang_System#setProperties
'file:/opt/graalvm-jdk-20.0.2+9.1/Contents/Home/lib/svm/builder/svm.jar',method,java.lang.System#setProperty,com.oracle.svm.core.jdk.Target_java_lang_System#setProperty
'file:/opt/graalvm-jdk-20.0.2+9.1/Contents/Home/lib/svm/builder/svm.jar',method,java.lang.System#setSecurityManager,com.oracle.svm.core.jdk.Target_java_lang_System#setSecurityManager
'file:/opt/graalvm-jdk-20.0.2+9.1/Contents/Home/lib/svm/builder/svm.jar',method,java.lang.Thread#<init>,com.oracle.svm.core.thread.Target_java_lang_Thread#<init>
'file:/opt/graalvm-jdk-20.0.2+9.1/Contents/Home/lib/svm/builder/svm.jar',method,java.lang.Thread#blockedOn,com.oracle.svm.core.thread.Target_java_lang_Thread#blockedOn
'file:/opt/graalvm-jdk-20.0.2+9.1/Contents/Home/lib/svm/builder/svm.jar',method,java.lang.Thread#clearInterruptEvent,com.oracle.svm.core.thread.Target_java_lang_Thread#clearInterruptEvent
'file:/opt/graalvm-jdk-20.0.2+9.1/Contents/Home/lib/svm/builder/svm.jar',method,java.lang.Thread#currentCarrierThread,com.oracle.svm.core.thread.Target_java_lang_Thread#currentCarrierThread
'file:/opt/graalvm-jdk-20.0.2+9.1/Contents/Home/lib/svm/builder/svm.jar',method,java.lang.Thread#currentThread,com.oracle.svm.core.thread.Target_java_lang_Thread#currentThread
'file:/opt/graalvm-jdk-20.0.2+9.1/Contents/Home/lib/svm/builder/svm.jar',method,java.lang.Thread#genThreadName,com.oracle.svm.core.thread.Target_java_lang_Thread#genThreadName
'file:/opt/graalvm-jdk-20.0.2+9.1/Contents/Home/lib/svm/builder/svm.jar',method,java.lang.Thread#getContextClassLoader,com.oracle.svm.core.thread.Target_java_lang_Thread#getContextClassLoader
'file:/opt/graalvm-jdk-20.0.2+9.1/Contents/Home/lib/svm/builder/svm.jar',method,java.lang.Thread#getStackTrace,com.oracle.svm.core.thread.Target_java_lang_Thread#getStackTrace
'file:/opt/graalvm-jdk-20.0.2+9.1/Contents/Home/lib/svm/builder/svm.jar',method,java.lang.Thread#holdsLock,com.oracle.svm.core.thread.Target_java_lang_Thread#holdsLock
'file:/opt/graalvm-jdk-20.0.2+9.1/Contents/Home/lib/svm/builder/svm.jar',method,java.lang.Thread#interrupt0,com.oracle.svm.core.thread.Target_java_lang_Thread#interrupt0
'file:/opt/graalvm-jdk-20.0.2+9.1/Contents/Home/lib/svm/builder/svm.jar',method,java.lang.Thread#isAlive0,com.oracle.svm.core.thread.Target_java_lang_Thread#isAlive0
'file:/opt/graalvm-jdk-20.0.2+9.1/Contents/Home/lib/svm/builder/svm.jar',method,java.lang.Thread#isInterrupted,com.oracle.svm.core.thread.Target_java_lang_Thread#isInterrupted
'file:/opt/graalvm-jdk-20.0.2+9.1/Contents/Home/lib/svm/builder/svm.jar',method,java.lang.Thread#isTerminated,com.oracle.svm.core.thread.Target_java_lang_Thread#isTerminated
'file:/opt/graalvm-jdk-20.0.2+9.1/Contents/Home/lib/svm/builder/svm.jar',method,java.lang.Thread#join,com.oracle.svm.core.thread.Target_java_lang_Thread#join
'file:/opt/graalvm-jdk-20.0.2+9.1/Contents/Home/lib/svm/builder/svm.jar',method,java.lang.Thread#scopedValueCache,com.oracle.svm.core.thread.Target_java_lang_Thread#scopedValueCache
'file:/opt/graalvm-jdk-20.0.2+9.1/Contents/Home/lib/svm/builder/svm.jar',method,java.lang.Thread#setContextClassLoader,com.oracle.svm.core.thread.Target_java_lang_Thread#setContextClassLoader
'file:/opt/graalvm-jdk-20.0.2+9.1/Contents/Home/lib/svm/builder/svm.jar',method,java.lang.Thread#setCurrentThread,com.oracle.svm.core.thread.Target_java_lang_Thread#setCurrentThread
'file:/opt/graalvm-jdk-20.0.2+9.1/Contents/Home/lib/svm/builder/svm.jar',method,java.lang.Thread#setNativeName,com.oracle.svm.core.thread.Target_java_lang_Thread#setNativeName
'file:/opt/graalvm-jdk-20.0.2+9.1/Contents/Home/lib/svm/builder/svm.jar',method,java.lang.Thread#setPriority0,com.oracle.svm.core.thread.Target_java_lang_Thread#setPriority0
'file:/opt/graalvm-jdk-20.0.2+9.1/Contents/Home/lib/svm/builder/svm.jar',method,java.lang.Thread#setScopedValueCache,com.oracle.svm.core.thread.Target_java_lang_Thread#setScopedValueCache
'file:/opt/graalvm-jdk-20.0.2+9.1/Contents/Home/lib/svm/builder/svm.jar',method,java.lang.Thread#sleep0,com.oracle.svm.core.thread.Target_java_lang_Thread#sleep0
'file:/opt/graalvm-jdk-20.0.2+9.1/Contents/Home/lib/svm/builder/svm.jar',method,java.lang.Thread#start0,com.oracle.svm.core.thread.Target_java_lang_Thread#start0
'file:/opt/graalvm-jdk-20.0.2+9.1/Contents/Home/lib/svm/builder/svm.jar',method,java.lang.Thread#yield0,com.oracle.svm.core.thread.Target_java_lang_Thread#yield0
'file:/opt/graalvm-jdk-20.0.2+9.1/Contents/Home/lib/svm/builder/svm.jar',method,java.lang.Throwable#fillInStackTrace,com.oracle.svm.core.jdk.Target_java_lang_Throwable#fillInStackTrace
'file:/opt/graalvm-jdk-20.0.2+9.1/Contents/Home/lib/svm/builder/svm.jar',method,java.lang.Throwable#getOurStackTrace,com.oracle.svm.core.jdk.Target_java_lang_Throwable#getOurStackTrace
'file:/opt/graalvm-jdk-20.0.2+9.1/Contents/Home/lib/svm/builder/svm.jar',method,java.lang.invoke.BoundMethodHandle$Species_L#make,com.oracle.svm.core.methodhandles.Target_java_lang_invoke_BoundMethodHandle_Species_L#make
'file:/opt/graalvm-jdk-20.0.2+9.1/Contents/Home/lib/svm/builder/svm.jar',method,java.lang.invoke.ClassSpecializer$Factory#loadSpecies,com.oracle.svm.core.methodhandles.Target_java_lang_invoke_ClassSpecializer_Factory#loadSpecies
'file:/opt/graalvm-jdk-20.0.2+9.1/Contents/Home/lib/svm/builder/svm.jar',method,java.lang.invoke.InvokerBytecodeGenerator#generateLambdaFormInterpreterEntryPoint,com.oracle.svm.core.methodhandles.Target_java_lang_invoke_InvokerBytecodeGenerator#generateLambdaFormInterpreterEntryPoint
'file:/opt/graalvm-jdk-20.0.2+9.1/Contents/Home/lib/svm/builder/svm.jar',method,java.lang.invoke.Invokers#checkExactType,com.oracle.svm.core.methodhandles.Target_java_lang_invoke_Invokers#checkExactType
'file:/opt/graalvm-jdk-20.0.2+9.1/Contents/Home/lib/svm/builder/svm.jar',method,java.lang.invoke.Invokers#checkVarHandleExactType,com.oracle.svm.core.methodhandles.Target_java_lang_invoke_Invokers#checkVarHandleExactType
'file:/opt/graalvm-jdk-20.0.2+9.1/Contents/Home/lib/svm/builder/svm.jar',method,java.lang.invoke.Invokers#checkVarHandleGenericType,com.oracle.svm.core.methodhandles.Target_java_lang_invoke_Invokers#checkVarHandleGenericType
'file:/opt/graalvm-jdk-20.0.2+9.1/Contents/Home/lib/svm/builder/svm.jar',method,java.lang.invoke.LambdaForm#compileToBytecode,com.oracle.svm.core.methodhandles.Target_java_lang_invoke_LambdaForm#compileToBytecode
'file:/opt/graalvm-jdk-20.0.2+9.1/Contents/Home/lib/svm/builder/svm.jar',method,java.lang.invoke.LambdaForm#forceInterpretation,com.oracle.svm.core.methodhandles.Target_java_lang_invoke_LambdaForm#forceInterpretation
'file:/opt/graalvm-jdk-20.0.2+9.1/Contents/Home/lib/svm/builder/svm.jar',method,java.lang.invoke.LambdaForm$NamedFunction#invokeWithArguments,com.oracle.svm.core.methodhandles.Target_java_lang_invoke_LambdaForm_NamedFunction#invokeWithArguments
'file:/opt/graalvm-jdk-20.0.2+9.1/Contents/Home/lib/svm/builder/svm.jar',method,java.lang.invoke.MemberName#vminfoIsConsistent,com.oracle.svm.core.invoke.Target_java_lang_invoke_MemberName#vminfoIsConsistent
'file:/opt/graalvm-jdk-20.0.2+9.1/Contents/Home/lib/svm/builder/svm.jar',method,java.lang.invoke.MethodHandle#invoke,com.oracle.svm.core.methodhandles.Target_java_lang_invoke_MethodHandle#invoke
'file:/opt/graalvm-jdk-20.0.2+9.1/Contents/Home/lib/svm/builder/svm.jar',method,java.lang.invoke.MethodHandle#invokeBasic,com.oracle.svm.core.methodhandles.Target_java_lang_invoke_MethodHandle#invokeBasic
'file:/opt/graalvm-jdk-20.0.2+9.1/Contents/Home/lib/svm/builder/svm.jar',method,java.lang.invoke.MethodHandle#invokeExact,com.oracle.svm.core.methodhandles.Target_java_lang_invoke_MethodHandle#invokeExact
'file:/opt/graalvm-jdk-20.0.2+9.1/Contents/Home/lib/svm/builder/svm.jar',method,java.lang.invoke.MethodHandle#linkToInterface,com.oracle.svm.core.methodhandles.Target_java_lang_invoke_MethodHandle#linkToInterface
'file:/opt/graalvm-jdk-20.0.2+9.1/Contents/Home/lib/svm/builder/svm.jar',method,java.lang.invoke.MethodHandle#linkToSpecial,com.oracle.svm.core.methodhandles.Target_java_lang_invoke_MethodHandle#linkToSpecial
'file:/opt/graalvm-jdk-20.0.2+9.1/Contents/Home/lib/svm/builder/svm.jar',method,java.lang.invoke.MethodHandle#linkToStatic,com.oracle.svm.core.methodhandles.Target_java_lang_invoke_MethodHandle#linkToStatic
'file:/opt/graalvm-jdk-20.0.2+9.1/Contents/Home/lib/svm/builder/svm.jar',method,java.lang.invoke.MethodHandle#linkToVirtual,com.oracle.svm.core.methodhandles.Target_java_lang_invoke_MethodHandle#linkToVirtual
'file:/opt/graalvm-jdk-20.0.2+9.1/Contents/Home/lib/svm/builder/svm.jar',method,java.lang.invoke.MethodHandleNatives#expand,com.oracle.svm.core.methodhandles.Target_java_lang_invoke_MethodHandleNatives#expand
'file:/opt/graalvm-jdk-20.0.2+9.1/Contents/Home/lib/svm/builder/svm.jar',method,java.lang.invoke.MethodHandleNatives#init,com.oracle.svm.core.methodhandles.Target_java_lang_invoke_MethodHandleNatives#init
'file:/opt/graalvm-jdk-20.0.2+9.1/Contents/Home/lib/svm/builder/svm.jar',method,java.lang.invoke.MethodHandleNatives#objectFieldOffset,com.oracle.svm.core.methodhandles.Target_java_lang_invoke_MethodHandleNatives#objectFieldOffset
'file:/opt/graalvm-jdk-20.0.2+9.1/Contents/Home/lib/svm/builder/svm.jar',method,java.lang.invoke.MethodHandleNatives#resolve,com.oracle.svm.core.methodhandles.Target_java_lang_invoke_MethodHandleNatives#resolve
'file:/opt/graalvm-jdk-20.0.2+9.1/Contents/Home/lib/svm/builder/svm.jar',method,java.lang.invoke.MethodHandleNatives#staticFieldBase,com.oracle.svm.core.methodhandles.Target_java_lang_invoke_MethodHandleNatives#staticFieldBase
'file:/opt/graalvm-jdk-20.0.2+9.1/Contents/Home/lib/svm/builder/svm.jar',method,java.lang.invoke.MethodHandleNatives#staticFieldOffset,com.oracle.svm.core.methodhandles.Target_java_lang_invoke_MethodHandleNatives#staticFieldOffset
'file:/opt/graalvm-jdk-20.0.2+9.1/Contents/Home/lib/svm/builder/svm.jar',method,java.lang.invoke.MethodHandles$Lookup#checkSecurityManager,com.oracle.svm.core.methodhandles.Target_java_lang_invoke_MethodHandles_Lookup#checkSecurityManager
'file:/opt/graalvm-jdk-20.0.2+9.1/Contents/Home/lib/svm/builder/svm.jar',method,java.lang.invoke.MethodHandles$Lookup#defineClass,com.oracle.svm.core.methodhandles.Target_java_lang_invoke_MethodHandles_Lookup#defineClass
'file:/opt/graalvm-jdk-20.0.2+9.1/Contents/Home/lib/svm/builder/svm.jar',method,java.lang.invoke.MethodHandles$Lookup#makeAccessException,com.oracle.svm.core.methodhandles.Target_java_lang_invoke_MethodHandles_Lookup#makeAccessException
'file:/opt/graalvm-jdk-20.0.2+9.1/Contents/Home/lib/svm/builder/svm.jar',method,java.lang.invoke.MethodHandles$Lookup#maybeBindCaller,com.oracle.svm.core.methodhandles.Target_java_lang_invoke_MethodHandles_Lookup#maybeBindCaller
'file:/opt/graalvm-jdk-20.0.2+9.1/Contents/Home/lib/svm/builder/svm.jar',method,java.lang.invoke.SimpleMethodHandle#<init>,com.oracle.svm.core.methodhandles.Target_java_lang_invoke_SimpleMethodHandle#<init>
'file:/opt/graalvm-jdk-20.0.2+9.1/Contents/Home/lib/svm/builder/svm.jar',method,java.lang.invoke.SimpleMethodHandle#copyWith,com.oracle.svm.core.methodhandles.Target_java_lang_invoke_SimpleMethodHandle#copyWith
'file:/opt/graalvm-jdk-20.0.2+9.1/Contents/Home/lib/svm/builder/svm.jar',method,java.lang.invoke.SimpleMethodHandle#copyWithExtendD,com.oracle.svm.core.methodhandles.Target_java_lang_invoke_SimpleMethodHandle#copyWithExtendD
'file:/opt/graalvm-jdk-20.0.2+9.1/Contents/Home/lib/svm/builder/svm.jar',method,java.lang.invoke.SimpleMethodHandle#copyWithExtendF,com.oracle.svm.core.methodhandles.Target_java_lang_invoke_SimpleMethodHandle#copyWithExtendF
'file:/opt/graalvm-jdk-20.0.2+9.1/Contents/Home/lib/svm/builder/svm.jar',method,java.lang.invoke.SimpleMethodHandle#copyWithExtendI,com.oracle.svm.core.methodhandles.Target_java_lang_invoke_SimpleMethodHandle#copyWithExtendI
'file:/opt/graalvm-jdk-20.0.2+9.1/Contents/Home/lib/svm/builder/svm.jar',method,java.lang.invoke.SimpleMethodHandle#copyWithExtendJ,com.oracle.svm.core.methodhandles.Target_java_lang_invoke_SimpleMethodHandle#copyWithExtendJ
'file:/opt/graalvm-jdk-20.0.2+9.1/Contents/Home/lib/svm/builder/svm.jar',method,java.lang.invoke.SimpleMethodHandle#copyWithExtendL,com.oracle.svm.core.methodhandles.Target_java_lang_invoke_SimpleMethodHandle#copyWithExtendL
'file:/opt/graalvm-jdk-20.0.2+9.1/Contents/Home/lib/svm/builder/svm.jar',method,java.lang.invoke.SimpleMethodHandle#speciesData,com.oracle.svm.core.methodhandles.Target_java_lang_invoke_SimpleMethodHandle#speciesData
'file:/opt/graalvm-jdk-20.0.2+9.1/Contents/Home/lib/svm/builder/svm.jar',method,java.lang.invoke.VarHandle#toString,com.oracle.svm.core.methodhandles.Target_java_lang_invoke_VarHandle#toString
'file:/opt/graalvm-jdk-20.0.2+9.1/Contents/Home/lib/svm/builder/svm.jar',method,java.lang.management.ManagementFactory#getPlatformMBeanServer,com.oracle.svm.core.jdk.management.Target_java_lang_management_ManagementFactory#getPlatformMBeanServer
'file:/opt/graalvm-jdk-20.0.2+9.1/Contents/Home/lib/svm/builder/svm.jar',method,java.lang.management.ManagementFactory#getPlatformMXBean,com.oracle.svm.core.jdk.management.Target_java_lang_management_ManagementFactory#getPlatformMXBean
'file:/opt/graalvm-jdk-20.0.2+9.1/Contents/Home/lib/svm/builder/svm.jar',method,java.lang.management.ManagementFactory#getPlatformMXBeans,com.oracle.svm.core.jdk.management.Target_java_lang_management_ManagementFactory#getPlatformMXBeans
'file:/opt/graalvm-jdk-20.0.2+9.1/Contents/Home/lib/svm/builder/svm.jar',method,java.lang.management.ManagementFactory#getPlatformManagementInterfaces,com.oracle.svm.core.jdk.management.Target_java_lang_management_ManagementFactory#getPlatformManagementInterfaces
'file:/opt/graalvm-jdk-20.0.2+9.1/Contents/Home/lib/svm/builder/svm.jar',method,java.lang.module.ModuleDescriptor#toString,com.oracle.svm.core.jdk.Target_java_lang_module_ModuleDescriptor#toString
'file:/opt/graalvm-jdk-20.0.2+9.1/Contents/Home/lib/svm/builder/svm.jar',method,java.lang.ref.PhantomReference#refersTo0,com.oracle.svm.core.heap.Target_java_lang_ref_PhantomReference#refersTo0
'file:/opt/graalvm-jdk-20.0.2+9.1/Contents/Home/lib/svm/builder/svm.jar',method,java.lang.ref.Reference#<init>,com.oracle.svm.core.heap.Target_java_lang_ref_Reference#<init>
'file:/opt/graalvm-jdk-20.0.2+9.1/Contents/Home/lib/svm/builder/svm.jar',method,java.lang.ref.Reference#clear,com.oracle.svm.core.heap.Target_java_lang_ref_Reference#clear
'file:/opt/graalvm-jdk-20.0.2+9.1/Contents/Home/lib/svm/builder/svm.jar',method,java.lang.ref.Reference#clear0,com.oracle.svm.core.heap.Target_java_lang_ref_Reference#clear0
'file:/opt/graalvm-jdk-20.0.2+9.1/Contents/Home/lib/svm/builder/svm.jar',method,java.lang.ref.Reference#clearInactiveFinalReference,com.oracle.svm.core.heap.Target_java_lang_ref_Reference#clearInactiveFinalReference
'file:/opt/graalvm-jdk-20.0.2+9.1/Contents/Home/lib/svm/builder/svm.jar',method,java.lang.ref.Reference#reachabilityFence,com.oracle.svm.core.heap.Target_java_lang_ref_Reference#reachabilityFence
'file:/opt/graalvm-jdk-20.0.2+9.1/Contents/Home/lib/svm/builder/svm.jar',method,java.lang.ref.Reference#refersTo0,com.oracle.svm.core.heap.Target_java_lang_ref_Reference#refersTo0
'file:/opt/graalvm-jdk-20.0.2+9.1/Contents/Home/lib/svm/builder/svm.jar',method,java.lang.ref.Reference#waitForReferenceProcessing,com.oracle.svm.core.heap.Target_java_lang_ref_Reference#waitForReferenceProcessing
'file:/opt/graalvm-jdk-20.0.2+9.1/Contents/Home/lib/svm/builder/svm.jar',method,java.lang.reflect.Array#get,com.oracle.svm.core.jdk.Target_java_lang_reflect_Array#get
'file:/opt/graalvm-jdk-20.0.2+9.1/Contents/Home/lib/svm/builder/svm.jar',method,java.lang.reflect.Array#getBoolean,com.oracle.svm.core.jdk.Target_java_lang_reflect_Array#getBoolean
'file:/opt/graalvm-jdk-20.0.2+9.1/Contents/Home/lib/svm/builder/svm.jar',method,java.lang.reflect.Array#getByte,com.oracle.svm.core.jdk.Target_java_lang_reflect_Array#getByte
'file:/opt/graalvm-jdk-20.0.2+9.1/Contents/Home/lib/svm/builder/svm.jar',method,java.lang.reflect.Array#getChar,com.oracle.svm.core.jdk.Target_java_lang_reflect_Array#getChar
'file:/opt/graalvm-jdk-20.0.2+9.1/Contents/Home/lib/svm/builder/svm.jar',method,java.lang.reflect.Array#getDouble,com.oracle.svm.core.jdk.Target_java_lang_reflect_Array#getDouble
'file:/opt/graalvm-jdk-20.0.2+9.1/Contents/Home/lib/svm/builder/svm.jar',method,java.lang.reflect.Array#getFloat,com.oracle.svm.core.jdk.Target_java_lang_reflect_Array#getFloat
'file:/opt/graalvm-jdk-20.0.2+9.1/Contents/Home/lib/svm/builder/svm.jar',method,java.lang.reflect.Array#getInt,com.oracle.svm.core.jdk.Target_java_lang_reflect_Array#getInt
'file:/opt/graalvm-jdk-20.0.2+9.1/Contents/Home/lib/svm/builder/svm.jar',method,java.lang.reflect.Array#getLong,com.oracle.svm.core.jdk.Target_java_lang_reflect_Array#getLong
'file:/opt/graalvm-jdk-20.0.2+9.1/Contents/Home/lib/svm/builder/svm.jar',method,java.lang.reflect.Array#getShort,com.oracle.svm.core.jdk.Target_java_lang_reflect_Array#getShort
'file:/opt/graalvm-jdk-20.0.2+9.1/Contents/Home/lib/svm/builder/svm.jar',method,java.lang.reflect.Array#multiNewArray,com.oracle.svm.core.jdk.Target_java_lang_reflect_Array#multiNewArray
'file:/opt/graalvm-jdk-20.0.2+9.1/Contents/Home/lib/svm/builder/svm.jar',method,java.lang.reflect.Array#set,com.oracle.svm.core.jdk.Target_java_lang_reflect_Array#set
'file:/opt/graalvm-jdk-20.0.2+9.1/Contents/Home/lib/svm/builder/svm.jar',method,java.lang.reflect.Array#setBoolean,com.oracle.svm.core.jdk.Target_java_lang_reflect_Array#setBoolean
'file:/opt/graalvm-jdk-20.0.2+9.1/Contents/Home/lib/svm/builder/svm.jar',method,java.lang.reflect.Array#setByte,com.oracle.svm.core.jdk.Target_java_lang_reflect_Array#setByte
'file:/opt/graalvm-jdk-20.0.2+9.1/Contents/Home/lib/svm/builder/svm.jar',method,java.lang.reflect.Array#setChar,com.oracle.svm.core.jdk.Target_java_lang_reflect_Array#setChar
'file:/opt/graalvm-jdk-20.0.2+9.1/Contents/Home/lib/svm/builder/svm.jar',method,java.lang.reflect.Array#setDouble,com.oracle.svm.core.jdk.Target_java_lang_reflect_Array#setDouble
'file:/opt/graalvm-jdk-20.0.2+9.1/Contents/Home/lib/svm/builder/svm.jar',method,java.lang.reflect.Array#setFloat,com.oracle.svm.core.jdk.Target_java_lang_reflect_Array#setFloat
'file:/opt/graalvm-jdk-20.0.2+9.1/Contents/Home/lib/svm/builder/svm.jar',method,java.lang.reflect.Array#setInt,com.oracle.svm.core.jdk.Target_java_lang_reflect_Array#setInt
'file:/opt/graalvm-jdk-20.0.2+9.1/Contents/Home/lib/svm/builder/svm.jar',method,java.lang.reflect.Array#setLong,com.oracle.svm.core.jdk.Target_java_lang_reflect_Array#setLong
'file:/opt/graalvm-jdk-20.0.2+9.1/Contents/Home/lib/svm/builder/svm.jar',method,java.lang.reflect.Array#setShort,com.oracle.svm.core.jdk.Target_java_lang_reflect_Array#setShort
'file:/opt/graalvm-jdk-20.0.2+9.1/Contents/Home/lib/svm/builder/svm.jar',method,java.lang.reflect.Constructor#acquireConstructorAccessor,com.oracle.svm.core.reflect.target.Target_java_lang_reflect_Constructor#acquireConstructorAccessor
'file:/opt/graalvm-jdk-20.0.2+9.1/Contents/Home/lib/svm/builder/svm.jar',method,java.lang.reflect.Executable#getParameters0,com.oracle.svm.core.reflect.target.Target_java_lang_reflect_Executable#getParameters0
'file:/opt/graalvm-jdk-20.0.2+9.1/Contents/Home/lib/svm/builder/svm.jar',method,java.lang.reflect.Executable#getTypeAnnotationBytes0,com.oracle.svm.core.reflect.target.Target_java_lang_reflect_Executable#getTypeAnnotationBytes0
'file:/opt/graalvm-jdk-20.0.2+9.1/Contents/Home/lib/svm/builder/svm.jar',method,java.lang.reflect.Field#getFieldAccessor,com.oracle.svm.core.reflect.target.Target_java_lang_reflect_Field#getFieldAccessor
'file:/opt/graalvm-jdk-20.0.2+9.1/Contents/Home/lib/svm/builder/svm.jar',method,java.lang.reflect.Field#getOverrideFieldAccessor,com.oracle.svm.core.reflect.target.Target_java_lang_reflect_Field#getOverrideFieldAccessor
'file:/opt/graalvm-jdk-20.0.2+9.1/Contents/Home/lib/svm/builder/svm.jar',method,java.lang.reflect.Field#getTypeAnnotationBytes0,com.oracle.svm.core.reflect.target.Target_java_lang_reflect_Field#getTypeAnnotationBytes0
'file:/opt/graalvm-jdk-20.0.2+9.1/Contents/Home/lib/svm/builder/svm.jar',method,java.lang.reflect.Method#acquireMethodAccessor,com.oracle.svm.core.reflect.target.Target_java_lang_reflect_Method#acquireMethodAccessor
'file:/opt/graalvm-jdk-20.0.2+9.1/Contents/Home/lib/svm/builder/svm.jar',method,java.lang.reflect.Proxy#getProxyConstructor,com.oracle.svm.core.jdk.proxy.Target_java_lang_reflect_Proxy#getProxyConstructor
'file:/opt/graalvm-jdk-20.0.2+9.1/Contents/Home/lib/svm/builder/svm.jar',method,java.lang.reflect.Proxy#isProxyClass,com.oracle.svm.core.jdk.proxy.Target_java_lang_reflect_Proxy#isProxyClass
'file:/opt/graalvm-jdk-20.0.2+9.1/Contents/Home/lib/svm/builder/svm.jar',method,java.lang.reflect.ReflectAccess#copyConstructor,com.oracle.svm.core.reflect.target.Target_java_lang_reflect_ReflectAccess#copyConstructor
'file:/opt/graalvm-jdk-20.0.2+9.1/Contents/Home/lib/svm/builder/svm.jar',method,java.lang.reflect.ReflectAccess#copyField,com.oracle.svm.core.reflect.target.Target_java_lang_reflect_ReflectAccess#copyField
'file:/opt/graalvm-jdk-20.0.2+9.1/Contents/Home/lib/svm/builder/svm.jar',method,java.lang.reflect.ReflectAccess#copyMethod,com.oracle.svm.core.reflect.target.Target_java_lang_reflect_ReflectAccess#copyMethod
'file:/opt/graalvm-jdk-20.0.2+9.1/Contents/Home/lib/svm/builder/svm.jar',method,java.net.URL#getURLStreamHandler,com.oracle.svm.core.jdk.Target_java_net_URL#getURLStreamHandler
'file:/opt/graalvm-jdk-20.0.2+9.1/Contents/Home/lib/svm/builder/svm.jar',method,java.net.URL#setURLStreamHandlerFactory,com.oracle.svm.core.jdk.Target_java_net_URL#setURLStreamHandlerFactory
'file:/opt/graalvm-jdk-20.0.2+9.1/Contents/Home/lib/svm/builder/svm.jar',method,java.net.URLClassLoader#getResourceAsStream,com.oracle.svm.core.jdk.Target_java_net_URLClassLoader#getResourceAsStream
'file:/opt/graalvm-jdk-20.0.2+9.1/Contents/Home/lib/svm/builder/svm.jar',method,java.nio.channels.spi.SelectorProvider$Holder#provider,com.oracle.svm.core.jdk.Target_java_nio_channels_spi_SelectorProvider_Holder#provider
'file:/opt/graalvm-jdk-20.0.2+9.1/Contents/Home/lib/svm/builder/svm.jar',method,java.nio.charset.Charset#availableCharsets,com.oracle.svm.core.jdk.localization.substitutions.Target_java_nio_charset_Charset#availableCharsets
'file:/opt/graalvm-jdk-20.0.2+9.1/Contents/Home/lib/svm/builder/svm.jar',method,java.nio.charset.Charset#defaultCharset,com.oracle.svm.core.jdk.localization.substitutions.Target_java_nio_charset_Charset#defaultCharset
'file:/opt/graalvm-jdk-20.0.2+9.1/Contents/Home/lib/svm/builder/svm.jar',method,java.nio.charset.Charset#lookup2,com.oracle.svm.core.jdk.localization.substitutions.Target_java_nio_charset_Charset#lookup2
'file:/opt/graalvm-jdk-20.0.2+9.1/Contents/Home/lib/svm/builder/svm.jar',method,java.nio.file.spi.FileSystemProvider#installedProviders,com.oracle.svm.core.jdk.Target_java_nio_file_spi_FileSystemProvider#installedProviders
'file:/opt/graalvm-jdk-20.0.2+9.1/Contents/Home/lib/svm/builder/svm.jar',method,java.security.AccessControlContext#getDebug,com.oracle.svm.core.jdk.Target_java_security_AccessControlContext#getDebug
'file:/opt/graalvm-jdk-20.0.2+9.1/Contents/Home/lib/svm/builder/svm.jar',method,java.security.AccessController#checkContext,com.oracle.svm.core.jdk.Target_java_security_AccessController#checkContext
'file:/opt/graalvm-jdk-20.0.2+9.1/Contents/Home/lib/svm/builder/svm.jar',method,java.security.AccessController#executePrivileged,com.oracle.svm.core.jdk.Target_java_security_AccessController#executePrivileged
'file:/opt/graalvm-jdk-20.0.2+9.1/Contents/Home/lib/svm/builder/svm.jar',method,java.security.AccessController#getInheritedAccessControlContext,com.oracle.svm.core.jdk.Target_java_security_AccessController#getInheritedAccessControlContext
'file:/opt/graalvm-jdk-20.0.2+9.1/Contents/Home/lib/svm/builder/svm.jar',method,java.security.AccessController#getProtectionDomain,com.oracle.svm.core.jdk.Target_java_security_AccessController#getProtectionDomain
'file:/opt/graalvm-jdk-20.0.2+9.1/Contents/Home/lib/svm/builder/svm.jar',method,java.security.AccessController#getStackAccessControlContext,com.oracle.svm.core.jdk.Target_java_security_AccessController#getStackAccessControlContext
'file:/opt/graalvm-jdk-20.0.2+9.1/Contents/Home/lib/svm/builder/svm.jar',method,java.security.Policy#getPolicyNoCheck,com.oracle.svm.core.jdk.Target_java_security_Policy#getPolicyNoCheck
'file:/opt/graalvm-jdk-20.0.2+9.1/Contents/Home/lib/svm/builder/svm.jar',method,java.security.Policy#isSet,com.oracle.svm.core.jdk.Target_java_security_Policy#isSet
'file:/opt/graalvm-jdk-20.0.2+9.1/Contents/Home/lib/svm/builder/svm.jar',method,java.security.Policy#setPolicy,com.oracle.svm.core.jdk.Target_java_security_Policy#setPolicy
'file:/opt/graalvm-jdk-20.0.2+9.1/Contents/Home/lib/svm/builder/svm.jar',method,java.text.BreakIterator#getCharacterInstance,com.oracle.svm.core.jdk.localization.substitutions.Target_java_text_BreakIterator#getCharacterInstance
'file:/opt/graalvm-jdk-20.0.2+9.1/Contents/Home/lib/svm/builder/svm.jar',method,java.text.BreakIterator#getLineInstance,com.oracle.svm.core.jdk.localization.substitutions.Target_java_text_BreakIterator#getLineInstance
'file:/opt/graalvm-jdk-20.0.2+9.1/Contents/Home/lib/svm/builder/svm.jar',method,java.text.BreakIterator#getSentenceInstance,com.oracle.svm.core.jdk.localization.substitutions.Target_java_text_BreakIterator#getSentenceInstance
'file:/opt/graalvm-jdk-20.0.2+9.1/Contents/Home/lib/svm/builder/svm.jar',method,java.text.BreakIterator#getWordInstance,com.oracle.svm.core.jdk.localization.substitutions.Target_java_text_BreakIterator#getWordInstance
'file:/opt/graalvm-jdk-20.0.2+9.1/Contents/Home/lib/svm/builder/svm.jar',method,java.util.Calendar#createCalendar,com.oracle.svm.core.jdk.Target_java_util_Calendar#createCalendar
'file:/opt/graalvm-jdk-20.0.2+9.1/Contents/Home/lib/svm/builder/svm.jar',method,java.util.ListResourceBundle#loadLookup,com.oracle.svm.core.jdk.localization.substitutions.Target_java_util_ListResourceBundle_SubstituteLoadLookup#loadLookup
'file:/opt/graalvm-jdk-20.0.2+9.1/Contents/Home/lib/svm/builder/svm.jar',method,java.util.Locale#initDefault,com.oracle.svm.core.jdk.localization.substitutions.Target_java_util_Locale#initDefault
'file:/opt/graalvm-jdk-20.0.2+9.1/Contents/Home/lib/svm/builder/svm.jar',method,java.util.Optional#toString,com.oracle.svm.core.jdk.Target_java_util_Optional#toString
'file:/opt/graalvm-jdk-20.0.2+9.1/Contents/Home/lib/svm/builder/svm.jar',method,java.util.ResourceBundle$Control#needsReload,com.oracle.svm.core.jdk.localization.substitutions.Target_java_util_ResourceBundle_Control#needsReload
'file:/opt/graalvm-jdk-20.0.2+9.1/Contents/Home/lib/svm/builder/svm.jar',method,java.util.TimeZone#getSystemTimeZoneID,com.oracle.svm.core.jdk.Target_java_util_TimeZone#getSystemTimeZoneID
'file:/opt/graalvm-jdk-20.0.2+9.1/Contents/Home/lib/svm/builder/svm.jar',method,java.util.concurrent.ForkJoinPool#getAndAddPoolIds,com.oracle.svm.core.jdk.Target_java_util_concurrent_ForkJoinPool#getAndAddPoolIds
'file:/opt/graalvm-jdk-20.0.2+9.1/Contents/Home/lib/svm/builder/svm.jar',method,java.util.concurrent.ForkJoinPool#getCommonPoolParallelism,com.oracle.svm.core.jdk.Target_java_util_concurrent_ForkJoinPool#getCommonPoolParallelism
'file:/opt/graalvm-jdk-20.0.2+9.1/Contents/Home/lib/svm/builder/svm.jar',method,java.util.logging.LogManager#getLogManager,com.oracle.svm.core.jdk.Target_java_util_logging_LogManager#getLogManager
'file:/opt/graalvm-jdk-20.0.2+9.1/Contents/Home/lib/svm/builder/svm.jar',method,javax.crypto.JceSecurity#getCodeBase,com.oracle.svm.core.jdk.Target_javax_crypto_JceSecurity#getCodeBase
'file:/opt/graalvm-jdk-20.0.2+9.1/Contents/Home/lib/svm/builder/svm.jar',method,javax.crypto.JceSecurity#getVerificationResult,com.oracle.svm.core.jdk.Target_javax_crypto_JceSecurity#getVerificationResult
'file:/opt/graalvm-jdk-20.0.2+9.1/Contents/Home/lib/svm/builder/svm.jar',method,javax.crypto.JceSecurity#verifyProvider,com.oracle.svm.core.jdk.Target_javax_crypto_JceSecurity#verifyProvider
'file:/opt/graalvm-jdk-20.0.2+9.1/Contents/Home/lib/svm/builder/svm.jar',method,javax.crypto.JceSecurityManager#getCryptoPermission,com.oracle.svm.core.jdk.Target_javax_crypto_JceSecurityManager#getCryptoPermission
'file:/opt/graalvm-jdk-20.0.2+9.1/Contents/Home/lib/svm/builder/svm.jar',method,javax.crypto.ProviderVerifier#isTrustedCryptoProvider,com.oracle.svm.core.jdk.Target_javax_crypto_ProviderVerifier#isTrustedCryptoProvider
'file:/opt/graalvm-jdk-20.0.2+9.1/Contents/Home/lib/svm/builder/svm.jar',method,jdk.internal.access.SharedSecrets#getJavaAWTAccess,com.oracle.svm.core.jdk.Target_jdk_internal_access_SharedSecrets#getJavaAWTAccess
'file:/opt/graalvm-jdk-20.0.2+9.1/Contents/Home/lib/svm/builder/svm.jar',method,jdk.internal.agent.Agent#readConfiguration,com.oracle.svm.core.jdk.management.Target_jdk_internal_agent_Agent#readConfiguration
'file:/opt/graalvm-jdk-20.0.2+9.1/Contents/Home/lib/svm/builder/svm.jar',method,jdk.internal.loader.BootLoader#getDefinedPackage,com.oracle.svm.core.jdk.Target_jdk_internal_loader_BootLoader#getDefinedPackage
'file:/opt/graalvm-jdk-20.0.2+9.1/Contents/Home/lib/svm/builder/svm.jar',method,jdk.internal.loader.BootLoader#hasClassPath,com.oracle.svm.core.jdk.Target_jdk_internal_loader_BootLoader#hasClassPath
'file:/opt/graalvm-jdk-20.0.2+9.1/Contents/Home/lib/svm/builder/svm.jar',method,jdk.internal.loader.BootLoader#loadClass,com.oracle.svm.core.jdk.Target_jdk_internal_loader_BootLoader#loadClass
'file:/opt/graalvm-jdk-20.0.2+9.1/Contents/Home/lib/svm/builder/svm.jar',method,jdk.internal.loader.BootLoader#loadClassOrNull,com.oracle.svm.core.jdk.Target_jdk_internal_loader_BootLoader#loadClassOrNull
'file:/opt/graalvm-jdk-20.0.2+9.1/Contents/Home/lib/svm/builder/svm.jar',method,jdk.internal.loader.BootLoader#loadLibrary,com.oracle.svm.core.jdk17.Target_jdk_internal_loader_BootLoader_JDK17OrLater#loadLibrary
'file:/opt/graalvm-jdk-20.0.2+9.1/Contents/Home/lib/svm/builder/svm.jar',method,jdk.internal.loader.BootLoader#packages,com.oracle.svm.core.jdk.Target_jdk_internal_loader_BootLoader#packages
'file:/opt/graalvm-jdk-20.0.2+9.1/Contents/Home/lib/svm/builder/svm.jar',method,jdk.internal.loader.BuiltinClassLoader#findClass,com.oracle.svm.core.jdk.Target_jdk_internal_loader_BuiltinClassLoader#findClass
'file:/opt/graalvm-jdk-20.0.2+9.1/Contents/Home/lib/svm/builder/svm.jar',method,jdk.internal.loader.BuiltinClassLoader#findMiscResource,com.oracle.svm.core.jdk.Target_jdk_internal_loader_BuiltinClassLoader#findMiscResource
'file:/opt/graalvm-jdk-20.0.2+9.1/Contents/Home/lib/svm/builder/svm.jar',method,jdk.internal.loader.BuiltinClassLoader#findResource,com.oracle.svm.core.jdk.Target_jdk_internal_loader_BuiltinClassLoader#findResource
'file:/opt/graalvm-jdk-20.0.2+9.1/Contents/Home/lib/svm/builder/svm.jar',method,jdk.internal.loader.BuiltinClassLoader#findResourceAsStream,com.oracle.svm.core.jdk.Target_jdk_internal_loader_BuiltinClassLoader#findResourceAsStream
'file:/opt/graalvm-jdk-20.0.2+9.1/Contents/Home/lib/svm/builder/svm.jar',method,jdk.internal.loader.BuiltinClassLoader#findResourceOnClassPath,com.oracle.svm.core.jdk.Target_jdk_internal_loader_BuiltinClassLoader#findResourceOnClassPath
'file:/opt/graalvm-jdk-20.0.2+9.1/Contents/Home/lib/svm/builder/svm.jar',method,jdk.internal.loader.BuiltinClassLoader#findResources,com.oracle.svm.core.jdk.Target_jdk_internal_loader_BuiltinClassLoader#findResources
'file:/opt/graalvm-jdk-20.0.2+9.1/Contents/Home/lib/svm/builder/svm.jar',method,jdk.internal.loader.BuiltinClassLoader#findResourcesOnClassPath,com.oracle.svm.core.jdk.Target_jdk_internal_loader_BuiltinClassLoader#findResourcesOnClassPath
'file:/opt/graalvm-jdk-20.0.2+9.1/Contents/Home/lib/svm/builder/svm.jar',method,jdk.internal.loader.BuiltinClassLoader#loadClass,com.oracle.svm.core.jdk.Target_jdk_internal_loader_BuiltinClassLoader#loadClass
'file:/opt/graalvm-jdk-20.0.2+9.1/Contents/Home/lib/svm/builder/svm.jar',method,jdk.internal.loader.Loader#findClass,com.oracle.svm.core.jdk.Target_jdk_internal_loader_Loader#findClass
'file:/opt/graalvm-jdk-20.0.2+9.1/Contents/Home/lib/svm/builder/svm.jar',method,jdk.internal.loader.Loader#findClassInModuleOrNull,com.oracle.svm.core.jdk.Target_jdk_internal_loader_Loader#findClassInModuleOrNull
'file:/opt/graalvm-jdk-20.0.2+9.1/Contents/Home/lib/svm/builder/svm.jar',method,jdk.internal.loader.Loader#findResource,com.oracle.svm.core.jdk.Target_jdk_internal_loader_Loader#findResource
'file:/opt/graalvm-jdk-20.0.2+9.1/Contents/Home/lib/svm/builder/svm.jar',method,jdk.internal.loader.Loader#findResources,com.oracle.svm.core.jdk.Target_jdk_internal_loader_Loader#findResources
'file:/opt/graalvm-jdk-20.0.2+9.1/Contents/Home/lib/svm/builder/svm.jar',method,jdk.internal.loader.Loader#findResourcesAsList,com.oracle.svm.core.jdk.Target_jdk_internal_loader_Loader#findResourcesAsList
'file:/opt/graalvm-jdk-20.0.2+9.1/Contents/Home/lib/svm/builder/svm.jar',method,jdk.internal.loader.Loader#getResource,com.oracle.svm.core.jdk.Target_jdk_internal_loader_Loader#getResource
'file:/opt/graalvm-jdk-20.0.2+9.1/Contents/Home/lib/svm/builder/svm.jar',method,jdk.internal.loader.Loader#getResources,com.oracle.svm.core.jdk.Target_jdk_internal_loader_Loader#getResources
'file:/opt/graalvm-jdk-20.0.2+9.1/Contents/Home/lib/svm/builder/svm.jar',method,jdk.internal.loader.NativeLibraries#newInstance,com.oracle.svm.core.jdk17.Target_jdk_internal_loader_NativeLibraries_JDK17OrLater#newInstance
'file:/opt/graalvm-jdk-20.0.2+9.1/Contents/Home/lib/svm/builder/svm.jar',method,jdk.internal.misc.Signal#findSignal0,com.oracle.svm.core.posix.Target_jdk_internal_misc_Signal#findSignal0
'file:/opt/graalvm-jdk-20.0.2+9.1/Contents/Home/lib/svm/builder/svm.jar',method,jdk.internal.misc.Signal#handle0,com.oracle.svm.core.posix.Target_jdk_internal_misc_Signal#handle0
'file:/opt/graalvm-jdk-20.0.2+9.1/Contents/Home/lib/svm/builder/svm.jar',method,jdk.internal.misc.Signal#raise0,com.oracle.svm.core.posix.Target_jdk_internal_misc_Signal#raise0
'file:/opt/graalvm-jdk-20.0.2+9.1/Contents/Home/lib/svm/builder/svm.jar',method,jdk.internal.misc.Unsafe#allocateMemory0,com.oracle.svm.core.jdk.Target_jdk_internal_misc_Unsafe_Core#allocateMemory0
'file:/opt/graalvm-jdk-20.0.2+9.1/Contents/Home/lib/svm/builder/svm.jar',method,jdk.internal.misc.Unsafe#arrayBaseOffset,com.oracle.svm.core.jdk.Target_jdk_internal_misc_Unsafe_Core#arrayBaseOffset
'file:/opt/graalvm-jdk-20.0.2+9.1/Contents/Home/lib/svm/builder/svm.jar',method,jdk.internal.misc.Unsafe#arrayIndexScale,com.oracle.svm.core.jdk.Target_jdk_internal_misc_Unsafe_Core#arrayIndexScale
'file:/opt/graalvm-jdk-20.0.2+9.1/Contents/Home/lib/svm/builder/svm.jar',method,jdk.internal.misc.Unsafe#copyMemory0,com.oracle.svm.core.jdk.Target_jdk_internal_misc_Unsafe_Core#copyMemory0
'file:/opt/graalvm-jdk-20.0.2+9.1/Contents/Home/lib/svm/builder/svm.jar',method,jdk.internal.misc.Unsafe#copySwapMemory0,com.oracle.svm.core.jdk.Target_jdk_internal_misc_Unsafe_Core#copySwapMemory0
'file:/opt/graalvm-jdk-20.0.2+9.1/Contents/Home/lib/svm/builder/svm.jar',method,jdk.internal.misc.Unsafe#ensureClassInitialized,com.oracle.svm.core.jdk.Target_jdk_internal_misc_Unsafe_Core#ensureClassInitialized
'file:/opt/graalvm-jdk-20.0.2+9.1/Contents/Home/lib/svm/builder/svm.jar',method,jdk.internal.misc.Unsafe#freeMemory0,com.oracle.svm.core.jdk.Target_jdk_internal_misc_Unsafe_Core#freeMemory0
'file:/opt/graalvm-jdk-20.0.2+9.1/Contents/Home/lib/svm/builder/svm.jar',method,jdk.internal.misc.Unsafe#fullFence,com.oracle.svm.core.jdk.Target_jdk_internal_misc_Unsafe_Core#fullFence
'file:/opt/graalvm-jdk-20.0.2+9.1/Contents/Home/lib/svm/builder/svm.jar',method,jdk.internal.misc.Unsafe#getLoadAverage0,com.oracle.svm.core.jdk.Target_jdk_internal_misc_Unsafe_Core#getLoadAverage0
'file:/opt/graalvm-jdk-20.0.2+9.1/Contents/Home/lib/svm/builder/svm.jar',method,jdk.internal.misc.Unsafe#loadFence,com.oracle.svm.core.jdk.Target_jdk_internal_misc_Unsafe_Core#loadFence
'file:/opt/graalvm-jdk-20.0.2+9.1/Contents/Home/lib/svm/builder/svm.jar',method,jdk.internal.misc.Unsafe#objectFieldOffset,com.oracle.svm.core.reflect.target.Target_jdk_internal_misc_Unsafe_Reflection#objectFieldOffset
'file:/opt/graalvm-jdk-20.0.2+9.1/Contents/Home/lib/svm/builder/svm.jar',method,jdk.internal.misc.Unsafe#pageSize,com.oracle.svm.core.jdk.Target_jdk_internal_misc_Unsafe_Core#pageSize
'file:/opt/graalvm-jdk-20.0.2+9.1/Contents/Home/lib/svm/builder/svm.jar',method,jdk.internal.misc.Unsafe#park,com.oracle.svm.core.thread.Target_jdk_internal_misc_Unsafe_JavaThreads#park
'file:/opt/graalvm-jdk-20.0.2+9.1/Contents/Home/lib/svm/builder/svm.jar',method,jdk.internal.misc.Unsafe#setMemory0,com.oracle.svm.core.jdk.Target_jdk_internal_misc_Unsafe_Core#setMemory0
'file:/opt/graalvm-jdk-20.0.2+9.1/Contents/Home/lib/svm/builder/svm.jar',method,jdk.internal.misc.Unsafe#shouldBeInitialized,com.oracle.svm.core.jdk.Target_jdk_internal_misc_Unsafe_Core#shouldBeInitialized
'file:/opt/graalvm-jdk-20.0.2+9.1/Contents/Home/lib/svm/builder/svm.jar',method,jdk.internal.misc.Unsafe#staticFieldBase,com.oracle.svm.core.reflect.target.Target_jdk_internal_misc_Unsafe_Reflection#staticFieldBase
'file:/opt/graalvm-jdk-20.0.2+9.1/Contents/Home/lib/svm/builder/svm.jar',method,jdk.internal.misc.Unsafe#staticFieldOffset,com.oracle.svm.core.reflect.target.Target_jdk_internal_misc_Unsafe_Reflection#staticFieldOffset
'file:/opt/graalvm-jdk-20.0.2+9.1/Contents/Home/lib/svm/builder/svm.jar',method,jdk.internal.misc.Unsafe#storeFence,com.oracle.svm.core.jdk.Target_jdk_internal_misc_Unsafe_Core#storeFence
'file:/opt/graalvm-jdk-20.0.2+9.1/Contents/Home/lib/svm/builder/svm.jar',method,jdk.internal.misc.Unsafe#throwException,com.oracle.svm.core.jdk.Target_jdk_internal_misc_Unsafe_Core#throwException
'file:/opt/graalvm-jdk-20.0.2+9.1/Contents/Home/lib/svm/builder/svm.jar',method,jdk.internal.misc.Unsafe#unpark,com.oracle.svm.core.thread.Target_jdk_internal_misc_Unsafe_JavaThreads#unpark
'file:/opt/graalvm-jdk-20.0.2+9.1/Contents/Home/lib/svm/builder/svm.jar',method,jdk.internal.misc.VM#getNanoTimeAdjustment,com.oracle.svm.core.posix.Target_jdk_internal_misc_VM#getNanoTimeAdjustment
'file:/opt/graalvm-jdk-20.0.2+9.1/Contents/Home/lib/svm/builder/svm.jar',method,jdk.internal.misc.VM#getSavedProperty,com.oracle.svm.core.jdk.Target_jdk_internal_misc_VM#getSavedProperty
'file:/opt/graalvm-jdk-20.0.2+9.1/Contents/Home/lib/svm/builder/svm.jar',method,jdk.internal.misc.VM#latestUserDefinedLoader0,com.oracle.svm.core.jdk.Target_jdk_internal_misc_VM#latestUserDefinedLoader0
'file:/opt/graalvm-jdk-20.0.2+9.1/Contents/Home/lib/svm/builder/svm.jar',method,jdk.internal.perf.Perf#attach,com.oracle.svm.core.jvmstat.Target_jdk_internal_perf_Perf#attachJDK19
'file:/opt/graalvm-jdk-20.0.2+9.1/Contents/Home/lib/svm/builder/svm.jar',method,jdk.internal.perf.Perf#createByteArray,com.oracle.svm.core.jvmstat.Target_jdk_internal_perf_Perf#createByteArray
'file:/opt/graalvm-jdk-20.0.2+9.1/Contents/Home/lib/svm/builder/svm.jar',method,jdk.internal.perf.Perf#createLong,com.oracle.svm.core.jvmstat.Target_jdk_internal_perf_Perf#createLong
'file:/opt/graalvm-jdk-20.0.2+9.1/Contents/Home/lib/svm/builder/svm.jar',method,jdk.internal.perf.Perf#detach,com.oracle.svm.core.jvmstat.Target_jdk_internal_perf_Perf#detach
'file:/opt/graalvm-jdk-20.0.2+9.1/Contents/Home/lib/svm/builder/svm.jar',method,jdk.internal.perf.Perf#highResCounter,com.oracle.svm.core.jvmstat.Target_jdk_internal_perf_Perf#highResCounter
'file:/opt/graalvm-jdk-20.0.2+9.1/Contents/Home/lib/svm/builder/svm.jar',method,jdk.internal.perf.Perf#highResFrequency,com.oracle.svm.core.jvmstat.Target_jdk_internal_perf_Perf#highResFrequency
'file:/opt/graalvm-jdk-20.0.2+9.1/Contents/Home/lib/svm/builder/svm.jar',method,jdk.internal.perf.Perf#registerNatives,com.oracle.svm.core.jvmstat.Target_jdk_internal_perf_Perf#registerNatives
'file:/opt/graalvm-jdk-20.0.2+9.1/Contents/Home/lib/svm/builder/svm.jar',method,jdk.internal.ref.CleanerImpl#run,com.oracle.svm.core.heap.Target_jdk_internal_ref_CleanerImpl#run
'file:/opt/graalvm-jdk-20.0.2+9.1/Contents/Home/lib/svm/builder/svm.jar',method,jdk.internal.reflect.ConstantPool#getClassAt,com.oracle.svm.core.reflect.Target_jdk_internal_reflect_ConstantPool#getClassAt
'file:/opt/graalvm-jdk-20.0.2+9.1/Contents/Home/lib/svm/builder/svm.jar',method,jdk.internal.reflect.ConstantPool#getStringAt,com.oracle.svm.core.reflect.Target_jdk_internal_reflect_ConstantPool#getStringAt
'file:/opt/graalvm-jdk-20.0.2+9.1/Contents/Home/lib/svm/builder/svm.jar',method,jdk.internal.reflect.ConstantPool#getUTF8At,com.oracle.svm.core.reflect.Target_jdk_internal_reflect_ConstantPool#getUTF8At
'file:/opt/graalvm-jdk-20.0.2+9.1/Contents/Home/lib/svm/builder/svm.jar',method,jdk.internal.reflect.MethodAccessorGenerator#generateSerializationConstructor,com.oracle.svm.core.reflect.target.Target_jdk_internal_reflect_MethodAccessorGenerator#generateSerializationConstructor
'file:/opt/graalvm-jdk-20.0.2+9.1/Contents/Home/lib/svm/builder/svm.jar',method,jdk.internal.reflect.Reflection#areNestMates,com.oracle.svm.core.jdk.Target_jdk_internal_reflect_Reflection#areNestMates
'file:/opt/graalvm-jdk-20.0.2+9.1/Contents/Home/lib/svm/builder/svm.jar',method,jdk.internal.reflect.Reflection#getCallerClass,com.oracle.svm.core.jdk.Target_jdk_internal_reflect_Reflection#getCallerClass
'file:/opt/graalvm-jdk-20.0.2+9.1/Contents/Home/lib/svm/builder/svm.jar',method,jdk.internal.reflect.Reflection#getClassAccessFlags,com.oracle.svm.core.jdk.Target_jdk_internal_reflect_Reflection#getClassAccessFlags
'file:/opt/graalvm-jdk-20.0.2+9.1/Contents/Home/lib/svm/builder/svm.jar',method,jdk.internal.reflect.ReflectionFactory#getReflectionFactory,com.oracle.svm.core.hub.Target_jdk_internal_reflect_ReflectionFactory#getReflectionFactory
'file:/opt/graalvm-jdk-20.0.2+9.1/Contents/Home/lib/svm/builder/svm.jar',method,jdk.internal.reflect.ReflectionFactory#useFieldHandleAccessor,com.oracle.svm.core.hub.Target_jdk_internal_reflect_ReflectionFactory#useFieldHandleAccessor
'file:/opt/graalvm-jdk-20.0.2+9.1/Contents/Home/lib/svm/builder/svm.jar',method,jdk.internal.util.StaticProperty#fileEncoding,com.oracle.svm.core.jdk.Target_jdk_internal_util_StaticProperty#fileEncoding
'file:/opt/graalvm-jdk-20.0.2+9.1/Contents/Home/lib/svm/builder/svm.jar',method,jdk.internal.util.StaticProperty#javaHome,com.oracle.svm.core.jdk.Target_jdk_internal_util_StaticProperty#javaHome
'file:/opt/graalvm-jdk-20.0.2+9.1/Contents/Home/lib/svm/builder/svm.jar',method,jdk.internal.util.StaticProperty#javaIoTmpDir,com.oracle.svm.core.jdk.Target_jdk_internal_util_StaticProperty#javaIoTmpDir
'file:/opt/graalvm-jdk-20.0.2+9.1/Contents/Home/lib/svm/builder/svm.jar',method,jdk.internal.util.StaticProperty#javaLibraryPath,com.oracle.svm.core.jdk.Target_jdk_internal_util_StaticProperty#javaLibraryPath
'file:/opt/graalvm-jdk-20.0.2+9.1/Contents/Home/lib/svm/builder/svm.jar',method,jdk.internal.util.StaticProperty#javaPropertiesDate,com.oracle.svm.core.jdk.Target_jdk_internal_util_StaticProperty#javaPropertiesDate
'file:/opt/graalvm-jdk-20.0.2+9.1/Contents/Home/lib/svm/builder/svm.jar',method,jdk.internal.util.StaticProperty#jdkSerialFilter,com.oracle.svm.core.jdk.Target_jdk_internal_util_StaticProperty#jdkSerialFilter
'file:/opt/graalvm-jdk-20.0.2+9.1/Contents/Home/lib/svm/builder/svm.jar',method,jdk.internal.util.StaticProperty#jdkSerialFilterFactory,com.oracle.svm.core.jdk.Target_jdk_internal_util_StaticProperty#jdkSerialFilterFactory
'file:/opt/graalvm-jdk-20.0.2+9.1/Contents/Home/lib/svm/builder/svm.jar',method,jdk.internal.util.StaticProperty#jnuCharset,com.oracle.svm.core.jdk.Target_jdk_internal_util_StaticProperty#jnuCharset
'file:/opt/graalvm-jdk-20.0.2+9.1/Contents/Home/lib/svm/builder/svm.jar',method,jdk.internal.util.StaticProperty#jnuEncoding,com.oracle.svm.core.jdk.Target_jdk_internal_util_StaticProperty#jnuEncoding
'file:/opt/graalvm-jdk-20.0.2+9.1/Contents/Home/lib/svm/builder/svm.jar',method,jdk.internal.util.StaticProperty#nativeEncoding,com.oracle.svm.core.jdk.Target_jdk_internal_util_StaticProperty#nativeEncoding
'file:/opt/graalvm-jdk-20.0.2+9.1/Contents/Home/lib/svm/builder/svm.jar',method,jdk.internal.util.StaticProperty#sunBootLibraryPath,com.oracle.svm.core.jdk.Target_jdk_internal_util_StaticProperty#sunBootLibraryPath
'file:/opt/graalvm-jdk-20.0.2+9.1/Contents/Home/lib/svm/builder/svm.jar',method,jdk.internal.util.StaticProperty#userDir,com.oracle.svm.core.jdk.Target_jdk_internal_util_StaticProperty#userDir
'file:/opt/graalvm-jdk-20.0.2+9.1/Contents/Home/lib/svm/builder/svm.jar',method,jdk.internal.util.StaticProperty#userHome,com.oracle.svm.core.jdk.Target_jdk_internal_util_StaticProperty#userHome
'file:/opt/graalvm-jdk-20.0.2+9.1/Contents/Home/lib/svm/builder/svm.jar',method,jdk.internal.util.StaticProperty#userName,com.oracle.svm.core.jdk.Target_jdk_internal_util_StaticProperty#userName
'file:/opt/graalvm-jdk-20.0.2+9.1/Contents/Home/lib/svm/builder/svm.jar',method,jdk.internal.vm.Continuation#yield,com.oracle.svm.core.thread.Target_jdk_internal_vm_Continuation__WithoutLoom#yield
'file:/opt/graalvm-jdk-20.0.2+9.1/Contents/Home/lib/svm/builder/svm.jar',method,jdk.internal.vm.ThreadContainers#children,com.oracle.svm.core.thread.Target_jdk_internal_vm_ThreadContainers#children
'file:/opt/graalvm-jdk-20.0.2+9.1/Contents/Home/lib/svm/builder/svm.jar',method,jdk.internal.vm.ThreadContainers#deregisterContainer,com.oracle.svm.core.thread.Target_jdk_internal_vm_ThreadContainers#deregisterContainer
'file:/opt/graalvm-jdk-20.0.2+9.1/Contents/Home/lib/svm/builder/svm.jar',method,jdk.internal.vm.ThreadContainers#registerContainer,com.oracle.svm.core.thread.Target_jdk_internal_vm_ThreadContainers#registerContainer
'file:/opt/graalvm-jdk-20.0.2+9.1/Contents/Home/lib/svm/builder/svm.jar',method,jdk.internal.vm.VMSupport#initAgentProperties,com.oracle.svm.core.jdk.management.Target_jdk_internal_vm_VMSupport#initAgentProperties
'file:/opt/graalvm-jdk-20.0.2+9.1/Contents/Home/lib/svm/builder/svm.jar',method,jdk.jfr.internal.JVM#abort,com.oracle.svm.core.jfr.Target_jdk_jfr_internal_JVM#abort
'file:/opt/graalvm-jdk-20.0.2+9.1/Contents/Home/lib/svm/builder/svm.jar',method,jdk.jfr.internal.JVM#addStringConstant,com.oracle.svm.core.jfr.Target_jdk_jfr_internal_JVM#addStringConstant
'file:/opt/graalvm-jdk-20.0.2+9.1/Contents/Home/lib/svm/builder/svm.jar',method,jdk.jfr.internal.JVM#beginRecording,com.oracle.svm.core.jfr.Target_jdk_jfr_internal_JVM#beginRecording
'file:/opt/graalvm-jdk-20.0.2+9.1/Contents/Home/lib/svm/builder/svm.jar',method,jdk.jfr.internal.JVM#counterTime,com.oracle.svm.core.jfr.Target_jdk_jfr_internal_JVM#counterTime
'file:/opt/graalvm-jdk-20.0.2+9.1/Contents/Home/lib/svm/builder/svm.jar',method,jdk.jfr.internal.JVM#createJFR,com.oracle.svm.core.jfr.Target_jdk_jfr_internal_JVM#createJFR
'file:/opt/graalvm-jdk-20.0.2+9.1/Contents/Home/lib/svm/builder/svm.jar',method,jdk.jfr.internal.JVM#destroyJFR,com.oracle.svm.core.jfr.Target_jdk_jfr_internal_JVM#destroyJFR
'file:/opt/graalvm-jdk-20.0.2+9.1/Contents/Home/lib/svm/builder/svm.jar',method,jdk.jfr.internal.JVM#emitEvent,com.oracle.svm.core.jfr.Target_jdk_jfr_internal_JVM#emitEvent
'file:/opt/graalvm-jdk-20.0.2+9.1/Contents/Home/lib/svm/builder/svm.jar',method,jdk.jfr.internal.JVM#emitOldObjectSamples,com.oracle.svm.core.jfr.Target_jdk_jfr_internal_JVM#emitOldObjectSamples
'file:/opt/graalvm-jdk-20.0.2+9.1/Contents/Home/lib/svm/builder/svm.jar',method,jdk.jfr.internal.JVM#endRecording,com.oracle.svm.core.jfr.Target_jdk_jfr_internal_JVM#endRecording
'file:/opt/graalvm-jdk-20.0.2+9.1/Contents/Home/lib/svm/builder/svm.jar',method,jdk.jfr.internal.JVM#exclude,com.oracle.svm.core.jfr.Target_jdk_jfr_internal_JVM#exclude
'file:/opt/graalvm-jdk-20.0.2+9.1/Contents/Home/lib/svm/builder/svm.jar',method,jdk.jfr.internal.JVM#flush,com.oracle.svm.core.jfr.Target_jdk_jfr_internal_JVM#flush
'file:/opt/graalvm-jdk-20.0.2+9.1/Contents/Home/lib/svm/builder/svm.jar',method,jdk.jfr.internal.JVM#getAllEventClasses,com.oracle.svm.core.jfr.Target_jdk_jfr_internal_JVM#getAllEventClasses
'file:/opt/graalvm-jdk-20.0.2+9.1/Contents/Home/lib/svm/builder/svm.jar',method,jdk.jfr.internal.JVM#getAllowedToDoEventRetransforms,com.oracle.svm.core.jfr.Target_jdk_jfr_internal_JVM#getAllowedToDoEventRetransforms
'file:/opt/graalvm-jdk-20.0.2+9.1/Contents/Home/lib/svm/builder/svm.jar',method,jdk.jfr.internal.JVM#getChunkStartNanos,com.oracle.svm.core.jfr.Target_jdk_jfr_internal_JVM#getChunkStartNanos
'file:/opt/graalvm-jdk-20.0.2+9.1/Contents/Home/lib/svm/builder/svm.jar',method,jdk.jfr.internal.JVM#getClassId,com.oracle.svm.core.jfr.Target_jdk_jfr_internal_JVM#getClassId
'file:/opt/graalvm-jdk-20.0.2+9.1/Contents/Home/lib/svm/builder/svm.jar',method,jdk.jfr.internal.JVM#getConfiguration,com.oracle.svm.core.jfr.Target_jdk_jfr_internal_JVM#getConfiguration
'file:/opt/graalvm-jdk-20.0.2+9.1/Contents/Home/lib/svm/builder/svm.jar',method,jdk.jfr.internal.JVM#getDumpPath,com.oracle.svm.core.jfr.Target_jdk_jfr_internal_JVM#getDumpPath
'file:/opt/graalvm-jdk-20.0.2+9.1/Contents/Home/lib/svm/builder/svm.jar',method,jdk.jfr.internal.JVM#getEventWriter,com.oracle.svm.core.jfr.Target_jdk_jfr_internal_JVM#getEventWriter
'file:/opt/graalvm-jdk-20.0.2+9.1/Contents/Home/lib/svm/builder/svm.jar',method,jdk.jfr.internal.JVM#getPid,com.oracle.svm.core.jfr.Target_jdk_jfr_internal_JVM#getPid
'file:/opt/graalvm-jdk-20.0.2+9.1/Contents/Home/lib/svm/builder/svm.jar',method,jdk.jfr.internal.JVM#getStackTraceId,com.oracle.svm.core.jfr.Target_jdk_jfr_internal_JVM#getStackTraceId
'file:/opt/graalvm-jdk-20.0.2+9.1/Contents/Home/lib/svm/builder/svm.jar',method,jdk.jfr.internal.JVM#getThreadId,com.oracle.svm.core.jfr.Target_jdk_jfr_internal_JVM#getThreadId
'file:/opt/graalvm-jdk-20.0.2+9.1/Contents/Home/lib/svm/builder/svm.jar',method,jdk.jfr.internal.JVM#getTicksFrequency,com.oracle.svm.core.jfr.Target_jdk_jfr_internal_JVM#getTicksFrequency
'file:/opt/graalvm-jdk-20.0.2+9.1/Contents/Home/lib/svm/builder/svm.jar',method,jdk.jfr.internal.JVM#getTimeConversionFactor,com.oracle.svm.core.jfr.Target_jdk_jfr_internal_JVM#getTimeConversionFactor
'file:/opt/graalvm-jdk-20.0.2+9.1/Contents/Home/lib/svm/builder/svm.jar',method,jdk.jfr.internal.JVM#getTypeId,com.oracle.svm.core.jfr.Target_jdk_jfr_internal_JVM#getTypeId
'file:/opt/graalvm-jdk-20.0.2+9.1/Contents/Home/lib/svm/builder/svm.jar',method,jdk.jfr.internal.JVM#getUnloadedEventClassCount,com.oracle.svm.core.jfr.Target_jdk_jfr_internal_JVM#getUnloadedEventClassCount
'file:/opt/graalvm-jdk-20.0.2+9.1/Contents/Home/lib/svm/builder/svm.jar',method,jdk.jfr.internal.JVM#hostTotalMemory,com.oracle.svm.core.jfr.Target_jdk_jfr_internal_JVM#hostTotalMemory
'file:/opt/graalvm-jdk-20.0.2+9.1/Contents/Home/lib/svm/builder/svm.jar',method,jdk.jfr.internal.JVM#include,com.oracle.svm.core.jfr.Target_jdk_jfr_internal_JVM#include
'file:/opt/graalvm-jdk-20.0.2+9.1/Contents/Home/lib/svm/builder/svm.jar',method,jdk.jfr.internal.JVM#isAvailable,com.oracle.svm.core.jfr.Target_jdk_jfr_internal_JVM#isAvailable
'file:/opt/graalvm-jdk-20.0.2+9.1/Contents/Home/lib/svm/builder/svm.jar',method,jdk.jfr.internal.JVM#isContainerized,com.oracle.svm.core.jfr.Target_jdk_jfr_internal_JVM#isContainerized
'file:/opt/graalvm-jdk-20.0.2+9.1/Contents/Home/lib/svm/builder/svm.jar',method,jdk.jfr.internal.JVM#isExcluded,com.oracle.svm.core.jfr.Target_jdk_jfr_internal_JVM#isExcluded
'file:/opt/graalvm-jdk-20.0.2+9.1/Contents/Home/lib/svm/builder/svm.jar',method,jdk.jfr.internal.JVM#isInstrumented,com.oracle.svm.core.jfr.Target_jdk_jfr_internal_JVM#isInstrumented
'file:/opt/graalvm-jdk-20.0.2+9.1/Contents/Home/lib/svm/builder/svm.jar',method,jdk.jfr.internal.JVM#isRecording,com.oracle.svm.core.jfr.Target_jdk_jfr_internal_JVM#isRecording
'file:/opt/graalvm-jdk-20.0.2+9.1/Contents/Home/lib/svm/builder/svm.jar',method,jdk.jfr.internal.JVM#log,com.oracle.svm.core.jfr.Target_jdk_jfr_internal_JVM#log
'file:/opt/graalvm-jdk-20.0.2+9.1/Contents/Home/lib/svm/builder/svm.jar',method,jdk.jfr.internal.JVM#logEvent,com.oracle.svm.core.jfr.Target_jdk_jfr_internal_JVM#logEvent
'file:/opt/graalvm-jdk-20.0.2+9.1/Contents/Home/lib/svm/builder/svm.jar',method,jdk.jfr.internal.JVM#markChunkFinal,com.oracle.svm.core.jfr.Target_jdk_jfr_internal_JVM#markChunkFinal
'file:/opt/graalvm-jdk-20.0.2+9.1/Contents/Home/lib/svm/builder/svm.jar',method,jdk.jfr.internal.JVM#newEventWriter,com.oracle.svm.core.jfr.Target_jdk_jfr_internal_JVM#newEventWriter
'file:/opt/graalvm-jdk-20.0.2+9.1/Contents/Home/lib/svm/builder/svm.jar',method,jdk.jfr.internal.JVM#registerNatives,com.oracle.svm.core.jfr.Target_jdk_jfr_internal_JVM#registerNatives
'file:/opt/graalvm-jdk-20.0.2+9.1/Contents/Home/lib/svm/builder/svm.jar',method,jdk.jfr.internal.JVM#retransformClasses,com.oracle.svm.core.jfr.Target_jdk_jfr_internal_JVM#retransformClasses
'file:/opt/graalvm-jdk-20.0.2+9.1/Contents/Home/lib/svm/builder/svm.jar',method,jdk.jfr.internal.JVM#setCompressedIntegers,com.oracle.svm.core.jfr.Target_jdk_jfr_internal_JVM#setCompressedIntegers
'file:/opt/graalvm-jdk-20.0.2+9.1/Contents/Home/lib/svm/builder/svm.jar',method,jdk.jfr.internal.JVM#setConfiguration,com.oracle.svm.core.jfr.Target_jdk_jfr_internal_JVM#setConfiguration
'file:/opt/graalvm-jdk-20.0.2+9.1/Contents/Home/lib/svm/builder/svm.jar',method,jdk.jfr.internal.JVM#setCutoff,com.oracle.svm.core.jfr.Target_jdk_jfr_internal_JVM#setCutoff
'file:/opt/graalvm-jdk-20.0.2+9.1/Contents/Home/lib/svm/builder/svm.jar',method,jdk.jfr.internal.JVM#setDumpPath,com.oracle.svm.core.jfr.Target_jdk_jfr_internal_JVM#setDumpPath
'file:/opt/graalvm-jdk-20.0.2+9.1/Contents/Home/lib/svm/builder/svm.jar',method,jdk.jfr.internal.JVM#setEnabled,com.oracle.svm.core.jfr.Target_jdk_jfr_internal_JVM#setEnabled
'file:/opt/graalvm-jdk-20.0.2+9.1/Contents/Home/lib/svm/builder/svm.jar',method,jdk.jfr.internal.JVM#setFileNotification,com.oracle.svm.core.jfr.Target_jdk_jfr_internal_JVM#setFileNotification
'file:/opt/graalvm-jdk-20.0.2+9.1/Contents/Home/lib/svm/builder/svm.jar',method,jdk.jfr.internal.JVM#setForceInstrumentation,com.oracle.svm.core.jfr.Target_jdk_jfr_internal_JVM#setForceInstrumentation
'file:/opt/graalvm-jdk-20.0.2+9.1/Contents/Home/lib/svm/builder/svm.jar',method,jdk.jfr.internal.JVM#setGlobalBufferCount,com.oracle.svm.core.jfr.Target_jdk_jfr_internal_JVM#setGlobalBufferCount
'file:/opt/graalvm-jdk-20.0.2+9.1/Contents/Home/lib/svm/builder/svm.jar',method,jdk.jfr.internal.JVM#setGlobalBufferSize,com.oracle.svm.core.jfr.Target_jdk_jfr_internal_JVM#setGlobalBufferSize
'file:/opt/graalvm-jdk-20.0.2+9.1/Contents/Home/lib/svm/builder/svm.jar',method,jdk.jfr.internal.JVM#setMemorySize,com.oracle.svm.core.jfr.Target_jdk_jfr_internal_JVM#setMemorySize
'file:/opt/graalvm-jdk-20.0.2+9.1/Contents/Home/lib/svm/builder/svm.jar',method,jdk.jfr.internal.JVM#setMethodSamplingPeriod,com.oracle.svm.core.jfr.Target_jdk_jfr_internal_JVM#setMethodSamplingPeriod
'file:/opt/graalvm-jdk-20.0.2+9.1/Contents/Home/lib/svm/builder/svm.jar',method,jdk.jfr.internal.JVM#setOutput,com.oracle.svm.core.jfr.Target_jdk_jfr_internal_JVM#setOutput
'file:/opt/graalvm-jdk-20.0.2+9.1/Contents/Home/lib/svm/builder/svm.jar',method,jdk.jfr.internal.JVM#setRepositoryLocation,com.oracle.svm.core.jfr.Target_jdk_jfr_internal_JVM#setRepositoryLocation
'file:/opt/graalvm-jdk-20.0.2+9.1/Contents/Home/lib/svm/builder/svm.jar',method,jdk.jfr.internal.JVM#setStackDepth,com.oracle.svm.core.jfr.Target_jdk_jfr_internal_JVM#setStackDepth
'file:/opt/graalvm-jdk-20.0.2+9.1/Contents/Home/lib/svm/builder/svm.jar',method,jdk.jfr.internal.JVM#setStackTraceEnabled,com.oracle.svm.core.jfr.Target_jdk_jfr_internal_JVM#setStackTraceEnabled
'file:/opt/graalvm-jdk-20.0.2+9.1/Contents/Home/lib/svm/builder/svm.jar',method,jdk.jfr.internal.JVM#setThreadBufferSize,com.oracle.svm.core.jfr.Target_jdk_jfr_internal_JVM#setThreadBufferSize
'file:/opt/graalvm-jdk-20.0.2+9.1/Contents/Home/lib/svm/builder/svm.jar',method,jdk.jfr.internal.JVM#setThreshold,com.oracle.svm.core.jfr.Target_jdk_jfr_internal_JVM#setThreshold
'file:/opt/graalvm-jdk-20.0.2+9.1/Contents/Home/lib/svm/builder/svm.jar',method,jdk.jfr.internal.JVM#setThrottle,com.oracle.svm.core.jfr.Target_jdk_jfr_internal_JVM#setThrottle
'file:/opt/graalvm-jdk-20.0.2+9.1/Contents/Home/lib/svm/builder/svm.jar',method,jdk.jfr.internal.JVM#shouldRotateDisk,com.oracle.svm.core.jfr.Target_jdk_jfr_internal_JVM#shouldRotateDisk
'file:/opt/graalvm-jdk-20.0.2+9.1/Contents/Home/lib/svm/builder/svm.jar',method,jdk.jfr.internal.JVM#storeMetadataDescriptor,com.oracle.svm.core.jfr.Target_jdk_jfr_internal_JVM#storeMetadataDescriptor
'file:/opt/graalvm-jdk-20.0.2+9.1/Contents/Home/lib/svm/builder/svm.jar',method,jdk.jfr.internal.JVM#subscribeLogLevel,com.oracle.svm.core.jfr.Target_jdk_jfr_internal_JVM#subscribeLogLevel
'file:/opt/graalvm-jdk-20.0.2+9.1/Contents/Home/lib/svm/builder/svm.jar',method,jdk.jfr.internal.JVM#uncaughtException,com.oracle.svm.core.jfr.Target_jdk_jfr_internal_JVM#uncaughtException
'file:/opt/graalvm-jdk-20.0.2+9.1/Contents/Home/lib/svm/builder/svm.jar',method,jdk.jfr.internal.Repository#ensureRepository,com.oracle.svm.core.jfr.Target_jdk_jfr_internal_Repository#ensureRepository
'file:/opt/graalvm-jdk-20.0.2+9.1/Contents/Home/lib/svm/builder/svm.jar',method,jdk.jfr.internal.SecuritySupport#getPredefinedJFCFiles,com.oracle.svm.core.jfr.Target_jdk_jfr_internal_SecuritySupport#getPredefinedJFCFiles
'file:/opt/graalvm-jdk-20.0.2+9.1/Contents/Home/lib/svm/builder/svm.jar',method,jdk.jfr.internal.StringPool#addString,com.oracle.svm.core.jfr.Target_jdk_jfr_internal_StringPool#addString
'file:/opt/graalvm-jdk-20.0.2+9.1/Contents/Home/lib/svm/builder/svm.jar',method,jdk.jfr.internal.jfc.JFC#createKnown,com.oracle.svm.core.jfr.Target_jdk_jfr_internal_jfc_JFC#createKnown
'file:/opt/graalvm-jdk-20.0.2+9.1/Contents/Home/lib/svm/builder/svm.jar',method,jdk.jfr.internal.jfc.JFC#getConfigurations,com.oracle.svm.core.jfr.Target_jdk_jfr_internal_jfc_JFC#getConfigurations
'file:/opt/graalvm-jdk-20.0.2+9.1/Contents/Home/lib/svm/builder/svm.jar',method,jdk.jfr.internal.jfc.JFC#getPredefined,com.oracle.svm.core.jfr.Target_jdk_jfr_internal_jfc_JFC#getPredefined
'file:/opt/graalvm-jdk-20.0.2+9.1/Contents/Home/lib/svm/builder/svm.jar',method,jdk.vm.ci.services.Services#getSavedProperties,com.oracle.svm.core.jdk.Target_jdk_vm_ci_services_Services#getSavedProperties
'file:/opt/graalvm-jdk-20.0.2+9.1/Contents/Home/lib/svm/builder/svm.jar',method,org.graalvm.nativeimage.c.function.CEntryPointLiteral#getFunctionPointer,com.oracle.svm.core.c.Target_org_graalvm_nativeimage_c_function_CEntryPointLiteral#getFunctionPointer
'file:/opt/graalvm-jdk-20.0.2+9.1/Contents/Home/lib/svm/builder/svm.jar',method,sun.management.BaseOperatingSystemImpl#getArch,com.oracle.svm.core.jdk.management.Target_sun_management_BaseOperatingSystemImpl#getArch
'file:/opt/graalvm-jdk-20.0.2+9.1/Contents/Home/lib/svm/builder/svm.jar',method,sun.management.BaseOperatingSystemImpl#getAvailableProcessors,com.oracle.svm.core.jdk.management.Target_sun_management_BaseOperatingSystemImpl#getAvailableProcessors
'file:/opt/graalvm-jdk-20.0.2+9.1/Contents/Home/lib/svm/builder/svm.jar',method,sun.management.BaseOperatingSystemImpl#getName,com.oracle.svm.core.jdk.management.Target_sun_management_BaseOperatingSystemImpl#getName
'file:/opt/graalvm-jdk-20.0.2+9.1/Contents/Home/lib/svm/builder/svm.jar',method,sun.management.BaseOperatingSystemImpl#getVersion,com.oracle.svm.core.jdk.management.Target_sun_management_BaseOperatingSystemImpl#getVersion
'file:/opt/graalvm-jdk-20.0.2+9.1/Contents/Home/lib/svm/builder/svm.jar',method,sun.nio.ch.Util#newMappedByteBuffer,com.oracle.svm.core.jdk17.Target_sun_nio_ch_Util_JDK17OrLater#newMappedByteBuffer
'file:/opt/graalvm-jdk-20.0.2+9.1/Contents/Home/lib/svm/builder/svm.jar',method,sun.nio.ch.Util#newMappedByteBufferR,com.oracle.svm.core.jdk17.Target_sun_nio_ch_Util_JDK17OrLater#newMappedByteBufferR
'file:/opt/graalvm-jdk-20.0.2+9.1/Contents/Home/lib/svm/builder/svm.jar',method,sun.reflect.annotation.AnnotationInvocationHandler#memberValueToString,com.oracle.svm.core.reflect.target.Target_sun_reflect_annotation_AnnotationInvocationHandler#memberValueToString
'file:/opt/graalvm-jdk-20.0.2+9.1/Contents/Home/lib/svm/builder/svm.jar',method,sun.reflect.annotation.AnnotationParser#parseAnnotation2,com.oracle.svm.core.reflect.target.Target_sun_reflect_annotation_AnnotationParser#parseAnnotation2
'file:/opt/graalvm-jdk-20.0.2+9.1/Contents/Home/lib/svm/builder/svm.jar',method,sun.reflect.annotation.AnnotationParser#parseBooleanArray,com.oracle.svm.core.reflect.target.Target_sun_reflect_annotation_AnnotationParser#parseBooleanArray
'file:/opt/graalvm-jdk-20.0.2+9.1/Contents/Home/lib/svm/builder/svm.jar',method,sun.reflect.annotation.AnnotationParser#parseByteArray,com.oracle.svm.core.reflect.target.Target_sun_reflect_annotation_AnnotationParser#parseByteArray
'file:/opt/graalvm-jdk-20.0.2+9.1/Contents/Home/lib/svm/builder/svm.jar',method,sun.reflect.annotation.AnnotationParser#parseCharArray,com.oracle.svm.core.reflect.target.Target_sun_reflect_annotation_AnnotationParser#parseCharArray
'file:/opt/graalvm-jdk-20.0.2+9.1/Contents/Home/lib/svm/builder/svm.jar',method,sun.reflect.annotation.AnnotationParser#parseClassValue,com.oracle.svm.core.reflect.target.Target_sun_reflect_annotation_AnnotationParser#parseClassValue
'file:/opt/graalvm-jdk-20.0.2+9.1/Contents/Home/lib/svm/builder/svm.jar',method,sun.reflect.annotation.AnnotationParser#parseConst,com.oracle.svm.core.reflect.target.Target_sun_reflect_annotation_AnnotationParser#parseConst
'file:/opt/graalvm-jdk-20.0.2+9.1/Contents/Home/lib/svm/builder/svm.jar',method,sun.reflect.annotation.AnnotationParser#parseDoubleArray,com.oracle.svm.core.reflect.target.Target_sun_reflect_annotation_AnnotationParser#parseDoubleArray
'file:/opt/graalvm-jdk-20.0.2+9.1/Contents/Home/lib/svm/builder/svm.jar',method,sun.reflect.annotation.AnnotationParser#parseEnumValue,com.oracle.svm.core.reflect.target.Target_sun_reflect_annotation_AnnotationParser#parseEnumValue
'file:/opt/graalvm-jdk-20.0.2+9.1/Contents/Home/lib/svm/builder/svm.jar',method,sun.reflect.annotation.AnnotationParser#parseFloatArray,com.oracle.svm.core.reflect.target.Target_sun_reflect_annotation_AnnotationParser#parseFloatArray
'file:/opt/graalvm-jdk-20.0.2+9.1/Contents/Home/lib/svm/builder/svm.jar',method,sun.reflect.annotation.AnnotationParser#parseIntArray,com.oracle.svm.core.reflect.target.Target_sun_reflect_annotation_AnnotationParser#parseIntArray
'file:/opt/graalvm-jdk-20.0.2+9.1/Contents/Home/lib/svm/builder/svm.jar',method,sun.reflect.annotation.AnnotationParser#parseLongArray,com.oracle.svm.core.reflect.target.Target_sun_reflect_annotation_AnnotationParser#parseLongArray
'file:/opt/graalvm-jdk-20.0.2+9.1/Contents/Home/lib/svm/builder/svm.jar',method,sun.reflect.annotation.AnnotationParser#parseShortArray,com.oracle.svm.core.reflect.target.Target_sun_reflect_annotation_AnnotationParser#parseShortArray
'file:/opt/graalvm-jdk-20.0.2+9.1/Contents/Home/lib/svm/builder/svm.jar',method,sun.reflect.annotation.AnnotationParser#parseStringArray,com.oracle.svm.core.reflect.target.Target_sun_reflect_annotation_AnnotationParser#parseStringArray
'file:/opt/graalvm-jdk-20.0.2+9.1/Contents/Home/lib/svm/builder/svm.jar',method,sun.reflect.annotation.AnnotationParser#skipAnnotation,com.oracle.svm.core.reflect.target.Target_sun_reflect_annotation_AnnotationParser#skipAnnotation
'file:/opt/graalvm-jdk-20.0.2+9.1/Contents/Home/lib/svm/builder/svm.jar',method,sun.reflect.annotation.AnnotationParser#skipMemberValue,com.oracle.svm.core.reflect.target.Target_sun_reflect_annotation_AnnotationParser#skipMemberValue
'file:/opt/graalvm-jdk-20.0.2+9.1/Contents/Home/lib/svm/builder/svm.jar',method,sun.reflect.generics.reflectiveObjects.TypeVariableImpl#getGenericDeclaration,com.oracle.svm.core.hub.Target_sun_reflect_generics_reflectiveObjects_TypeVariableImpl#getGenericDeclaration
'file:/opt/graalvm-jdk-20.0.2+9.1/Contents/Home/lib/svm/builder/svm.jar',method,sun.reflect.misc.MethodUtil#invoke,com.oracle.svm.core.jdk.Target_sun_reflect_misc_MethodUtil#invoke
'file:/opt/graalvm-jdk-20.0.2+9.1/Contents/Home/lib/svm/builder/svm.jar',method,sun.rmi.transport.GC#maxObjectInspectionAge,com.oracle.svm.core.jdk.Target_sun_rmi_transport_GC#maxObjectInspectionAge
'file:/opt/graalvm-jdk-20.0.2+9.1/Contents/Home/lib/svm/builder/svm.jar',method,sun.security.jca.ProviderConfig#doLoadProvider,com.oracle.svm.core.jdk.Target_sun_security_jca_ProviderConfig#doLoadProvider
'file:/opt/graalvm-jdk-20.0.2+9.1/Contents/Home/lib/svm/builder/svm.jar',method,sun.security.ssl.TrustStoreManager#getTrustedCerts,com.oracle.svm.core.jdk.Target_sun_security_ssl_TrustStoreManager#getTrustedCerts
'file:/opt/graalvm-jdk-20.0.2+9.1/Contents/Home/lib/svm/builder/svm.jar',method,sun.security.ssl.TrustStoreManager#getTrustedKeyStore,com.oracle.svm.core.jdk.Target_sun_security_ssl_TrustStoreManager#getTrustedKeyStore
'file:/opt/graalvm-jdk-20.0.2+9.1/Contents/Home/lib/svm/builder/svm.jar',method,sun.util.calendar.CalendarSystem#forName,com.oracle.svm.core.jdk.Target_sun_util_calendar_CalendarSystem#forName
'file:/opt/graalvm-jdk-20.0.2+9.1/Contents/Home/lib/svm/builder/svm.jar',method,sun.util.locale.provider.JRELocaleProviderAdapter#createLanguageTagSet,com.oracle.svm.core.jdk.localization.substitutions.Target_sun_util_locale_provider_JRELocaleProviderAdapter#createLanguageTagSet
'file:/opt/graalvm-jdk-20.0.2+9.1/Contents/Home/lib/svm/builder/svm.jar',method,sun.util.locale.provider.LocaleServiceProviderPool#getAllAvailableLocales,com.oracle.svm.core.jdk.localization.substitutions.Target_sun_util_locale_provider_LocaleServiceProviderPool_JvmLocaleMode#getAllAvailableLocales
'file:/opt/graalvm-jdk-20.0.2+9.1/Contents/Home/lib/svm/builder/svm.jar',method,sun.util.locale.provider.LocaleServiceProviderPool#getAvailableLocales,com.oracle.svm.core.jdk.localization.substitutions.Target_sun_util_locale_provider_LocaleServiceProviderPool_JvmLocaleMode#getAvailableLocales
'file:/opt/graalvm-jdk-20.0.2+9.1/Contents/Home/lib/svm/builder/svm.jar',method,sun.util.resources.OpenListResourceBundle#loadLookup,com.oracle.svm.core.jdk.localization.substitutions.Target_sun_util_resources_OpenListResourceBundle_SubstituteLoadLookup#loadLookup
'file:/opt/graalvm-jdk-20.0.2+9.1/Contents/Home/lib/svm/builder/svm.jar',method,sun.util.resources.ParallelListResourceBundle#areParallelContentsComplete,com.oracle.svm.core.jdk.localization.substitutions.Target_sun_util_resources_ParallelListResourceBundle_SubstituteLoadLookup#areParallelContentsComplete
'file:/opt/graalvm-jdk-20.0.2+9.1/Contents/Home/lib/svm/builder/svm.jar',method,sun.util.resources.ParallelListResourceBundle#loadLookupTablesIfNecessary,com.oracle.svm.core.jdk.localization.substitutions.Target_sun_util_resources_ParallelListResourceBundle_SubstituteLoadLookup#loadLookupTablesIfNecessary
'file:/opt/graalvm-jdk-20.0.2+9.1/Contents/Home/lib/svm/builder/svm.jar',method,sun.util.resources.ParallelListResourceBundle#setParallelContents,com.oracle.svm.core.jdk.localization.substitutions.Target_sun_util_resources_ParallelListResourceBundle_SubstituteLoadLookup#setParallelContents
'unknown',method,java.lang.invoke.MethodHandle#invokeBasic,java.lang.invoke.MethodHandle#invokeBasic
'unknown',method,java.lang.invoke.MethodHandle#linkToStatic,java.lang.invoke.MethodHandle#linkToStatic
